daily_kwh,avg_voltage,avg_intensity,avg_reactive_power,sub1_wh,sub2_wh,sub3_wh,records,coverage_pct,dayofweek,month,is_weekend,date
56.507666666666665,240.0870277777778,9.999027777777778,0.1569486111111111,2033.0,4187.0,13341.0,1440,100.0,6,12,1,2006-12-17
36.73043333333333,241.23169444444446,6.421666666666667,0.11235555555555556,1063.0,2621.0,14018.0,1440,100.0,0,12,0,2006-12-18
27.7699,241.9993125,4.926388888888889,0.10482083333333334,839.0,7602.0,6197.0,1440,100.0,1,12,0,2006-12-19
37.09579999999999,242.30806249999998,6.467361111111111,0.11180416666666666,0.0,2648.0,14063.0,1440,100.0,2,12,0,2006-12-20
28.610399999999995,241.04054937413073,5.033796940194716,0.10025452016689847,1765.0,2623.0,10421.0,1438,99.86111111111111,3,12,0,2006-12-21
39.0223,241.1845486111111,6.872916666666667,0.12979583333333333,3151.0,350.0,11131.0,1440,100.0,4,12,0,2006-12-22
79.55643333333335,240.1360763888889,14.028055555555557,0.15379861111111112,2669.0,425.0,14726.0,1440,100.0,5,12,1,2006-12-23
42.50019999999999,241.6874375,7.640416666666667,0.10409722222222223,1703.0,5082.0,6891.0,1440,100.0,6,12,1,2006-12-24
45.718666666666664,243.39993055555558,7.951527777777779,0.1668611111111111,6620.0,1962.0,5795.0,1440,100.0,0,12,0,2006-12-25
65.5685,241.6254375,11.347916666666666,0.11465416666666667,1086.0,2533.0,14979.0,1440,100.0,1,12,0,2006-12-26
25.47933333333333,243.76736111111111,4.5175,0.12423749999999999,0.0,314.0,6976.0,1440,100.0,2,12,0,2006-12-27
34.54396666666666,243.26833333333335,6.086250000000001,0.14505277777777778,2207.0,4419.0,9176.0,1440,100.0,3,12,0,2006-12-28
52.90653333333333,240.87130555555555,9.271388888888888,0.13638472222222223,1252.0,5162.0,11329.0,1440,100.0,4,12,0,2006-12-29
46.48836666666667,240.54068845618914,8.292211404728791,0.21691794158553546,3072.0,7891.0,12480.0,1438,99.86111111111111,5,12,1,2006-12-30
58.2366,239.8965763888889,10.199583333333333,0.10475833333333334,0.0,347.0,6502.0,1440,100.0,6,12,1,2006-12-31
45.81673333333333,240.12897916666665,7.916944444444444,0.10289305555555556,0.0,352.0,5880.0,1440,100.0,0,1,0,2007-01-01
21.15393333333333,241.94377777777777,3.7140277777777775,0.13218194444444445,0.0,348.0,6562.0,1440,100.0,1,1,0,2007-01-02
16.9009,243.5570902777778,3.0140277777777778,0.13661666666666666,0.0,344.0,4765.0,1440,100.0,2,1,0,2007-01-03
54.32353333333333,239.7502986111111,9.478194444444444,0.1404875,1051.0,7597.0,10896.0,1440,100.0,3,1,0,2007-01-04
45.22273333333333,240.49576388888892,7.885138888888889,0.12024583333333333,1483.0,379.0,7602.0,1440,100.0,4,1,0,2007-01-05
25.13963333333333,239.67305555555555,4.543888888888889,0.13346388888888888,1336.0,402.0,5678.0,1440,100.0,5,1,1,2007-01-06
40.79366666666667,240.90248611111113,7.282638888888889,0.17088472222222223,1987.0,8177.0,12810.0,1440,100.0,6,1,1,2007-01-07
37.355999999999995,239.5769513888889,6.551666666666667,0.14414444444444446,0.0,467.0,17547.0,1440,100.0,0,1,0,2007-01-08
31.1509,240.48752083333335,5.521111111111111,0.14392222222222223,1688.0,4267.0,9790.0,1440,100.0,1,1,0,2007-01-09
35.913333333333334,241.02745138888892,6.357777777777779,0.15864722222222222,771.0,4456.0,11012.0,1440,100.0,2,1,0,2007-01-10
37.58656666666666,241.1556875,6.658333333333333,0.1597361111111111,1378.0,2170.0,12415.0,1440,100.0,3,1,0,2007-01-11
24.35493333333333,241.53820833333336,4.309166666666666,0.13829166666666665,0.0,439.0,8276.0,1440,100.0,4,1,0,2007-01-12
53.113566666666664,239.28361111111113,9.453055555555554,0.2019,7806.0,2975.0,11341.0,1440,100.0,5,1,1,2007-01-13
50.13026666666667,238.8218485059069,8.968311327310632,0.1578318276580959,1777.0,4215.0,12975.0,1439,99.93055555555556,6,1,1,2007-01-14
35.811299999999996,241.2409097222222,6.261527777777778,0.12143055555555557,1099.0,2239.0,15163.0,1440,100.0,0,1,0,2007-01-15
28.106733333333334,241.94475694444446,4.975972222222222,0.12876944444444444,2063.0,644.0,6583.0,1440,100.0,1,1,0,2007-01-16
47.46146666666667,241.00525,8.283888888888889,0.13941111111111112,3500.0,5737.0,16064.0,1440,100.0,2,1,0,2007-01-17
30.357700000000005,240.89359722222224,5.3425,0.12341111111111111,0.0,336.0,13491.0,1440,100.0,3,1,0,2007-01-18
24.674,240.16094444444445,4.37625,0.11809166666666666,2103.0,330.0,7172.0,1440,100.0,4,1,0,2007-01-19
52.22886666666667,238.8674722222222,9.348055555555556,0.16552916666666667,4324.0,5222.0,11440.0,1440,100.0,5,1,1,2007-01-20
56.7877,238.96811805555558,10.190694444444444,0.15953888888888887,10346.0,5567.0,11599.0,1440,100.0,6,1,1,2007-01-21
36.34156666666666,241.60313194444444,6.355277777777778,0.1171125,1054.0,2983.0,11361.0,1440,100.0,0,1,0,2007-01-22
29.627333333333333,242.76255555555556,5.260833333333333,0.09602777777777778,0.0,1064.0,5061.0,1440,100.0,1,1,0,2007-01-23
49.79756666666667,241.45769444444446,8.733611111111111,0.12365277777777778,3464.0,2480.0,11744.0,1440,100.0,2,1,0,2007-01-24
26.60573333333333,243.42436111111112,4.629305555555556,0.10011111111111111,1158.0,262.0,11239.0,1440,100.0,3,1,0,2007-01-25
26.9662,242.77179166666667,4.721388888888889,0.09923749999999999,1163.0,261.0,8238.0,1440,100.0,4,1,0,2007-01-26
34.06786666666667,241.61656944444442,5.949861111111111,0.10294583333333332,1170.0,3896.0,12374.0,1440,100.0,5,1,1,2007-01-27
51.50339999999999,240.30478804725504,9.133703961084086,0.10656845031271717,3466.0,3997.0,12045.0,1439,99.93055555555556,6,1,1,2007-01-28
33.0444,240.9295972222222,5.788888888888889,0.11506666666666666,1123.0,294.0,15254.0,1440,100.0,0,1,0,2007-01-29
28.4633,241.84087499999998,5.028194444444445,0.1256486111111111,1123.0,1424.0,8149.0,1440,100.0,1,1,0,2007-01-30
39.39586666666666,239.92113194444443,6.923611111111111,0.12915833333333332,0.0,5950.0,15052.0,1440,100.0,2,1,0,2007-01-31
30.412666666666667,240.3921388888889,5.3325000000000005,0.10435000000000001,1170.0,386.0,13145.0,1440,100.0,3,2,0,2007-02-01
27.795599999999997,240.3343888888889,4.870833333333334,0.09690416666666667,0.0,356.0,11338.0,1440,100.0,4,2,0,2007-02-02
67.16203333333334,238.91019444444444,11.815972222222221,0.17071111111111112,4746.0,4573.0,17834.0,1440,100.0,5,2,1,2007-02-03
59.93233333333333,239.63333333333333,10.565416666666668,0.12950972222222223,3391.0,4597.0,14472.0,1440,100.0,6,2,1,2007-02-04
27.421333333333333,240.81031249999998,4.820416666666667,0.10224166666666668,896.0,2564.0,7849.0,1440,100.0,0,2,0,2007-02-05
21.224666666666668,241.26415972222225,3.7719444444444448,0.09900416666666667,1185.0,405.0,4517.0,1440,100.0,1,2,0,2007-02-06
38.8003,241.14969444444444,6.791666666666667,0.12340833333333333,3299.0,3513.0,11986.0,1440,100.0,2,2,0,2007-02-07
30.023566666666667,241.79730555555554,5.248333333333334,0.09645555555555554,2226.0,366.0,10157.0,1440,100.0,3,2,0,2007-02-08
27.003300000000003,241.74044444444445,4.727222222222222,0.10976805555555556,0.0,3045.0,9770.0,1440,100.0,4,2,0,2007-02-09
47.155466666666676,240.0368263888889,8.303749999999999,0.1340097222222222,5071.0,2831.0,14405.0,1440,100.0,5,2,1,2007-02-10
59.52046666666667,239.5061458333333,10.526805555555557,0.1418847222222222,2430.0,4765.0,13114.0,1440,100.0,6,2,1,2007-02-11
31.2935,240.09850000000003,5.503472222222222,0.09493333333333334,2227.0,399.0,11517.0,1440,100.0,0,2,0,2007-02-12
23.575766666666663,241.16685416666667,4.14375,0.09352638888888888,0.0,2828.0,6256.0,1440,100.0,1,2,0,2007-02-13
41.644533333333335,240.3753888888889,7.315138888888888,0.14062916666666667,3295.0,3793.0,11579.0,1440,100.0,2,2,0,2007-02-14
33.089099999999995,240.66922222222223,5.820277777777778,0.11525277777777777,0.0,2363.0,14028.0,1440,100.0,3,2,0,2007-02-15
28.375466666666668,240.82094444444442,5.0465277777777775,0.1053375,1148.0,859.0,8689.0,1440,100.0,4,2,0,2007-02-16
34.615199999999994,239.31603472222224,6.129166666666666,0.16595,1765.0,2226.0,7157.0,1440,100.0,5,2,1,2007-02-17
63.82936666666667,239.17080555555557,11.238888888888889,0.17744583333333333,6107.0,8003.0,13129.0,1440,100.0,6,2,1,2007-02-18
36.44356666666666,239.78958333333333,6.442222222222222,0.12262777777777778,1634.0,2900.0,13085.0,1440,100.0,0,2,0,2007-02-19
52.498799999999996,239.86544444444445,9.168472222222222,0.1299708333333333,2058.0,5191.0,9713.0,1440,100.0,1,2,0,2007-02-20
34.547900000000006,240.46096527777777,6.0744444444444445,0.13185416666666666,3527.0,2332.0,11548.0,1440,100.0,2,2,0,2007-02-21
56.15796666666667,238.62353963838666,9.870792767732963,0.0959346314325452,1409.0,4129.0,12251.0,1438,99.86111111111111,3,2,0,2007-02-22
21.891333333333332,240.68596527777777,3.825416666666667,0.1037111111111111,0.0,503.0,10786.0,1440,100.0,4,2,0,2007-02-23
11.915366666666666,239.86310416666666,2.0858333333333334,0.0848625,0.0,363.0,3562.0,1440,100.0,5,2,1,2007-02-24
8.362333333333334,241.6815486111111,1.462222222222222,0.07898333333333334,0.0,329.0,1660.0,1440,100.0,6,2,1,2007-02-25
9.474733333333335,241.27359027777777,1.658888888888889,0.07519444444444444,0.0,331.0,2830.0,1440,100.0,0,2,0,2007-02-26
8.6352,242.94427083333332,1.5245833333333334,0.07861388888888889,0.0,314.0,1924.0,1440,100.0,1,2,0,2007-02-27
8.679566666666666,242.15959027777777,1.5284722222222222,0.07873055555555555,0.0,340.0,1973.0,1440,100.0,2,2,0,2007-02-28
8.626066666666668,241.3214027777778,1.508888888888889,0.07474166666666666,0.0,316.0,1980.0,1440,100.0,3,3,0,2007-03-01
8.594800000000001,240.59159722222225,1.5068055555555557,0.0743111111111111,0.0,340.0,1969.0,1440,100.0,4,3,0,2007-03-02
13.652033333333332,241.28808333333336,2.401111111111111,0.09374444444444444,0.0,347.0,4597.0,1440,100.0,5,3,1,2007-03-03
34.845000000000006,240.0297986111111,6.158194444444444,0.12200138888888888,1476.0,8711.0,9408.0,1440,100.0,6,3,1,2007-03-04
44.33886666666667,240.03090972222222,7.840277777777778,0.14302499999999999,5727.0,12109.0,10026.0,1440,100.0,0,3,0,2007-03-05
20.775,240.98806944444445,3.6956944444444444,0.12926944444444444,0.0,1740.0,4700.0,1440,100.0,1,3,0,2007-03-06
39.58676666666667,240.3235625,6.935,0.11888888888888888,1076.0,4761.0,15513.0,1440,100.0,2,3,0,2007-03-07
26.2022,240.66542361111112,4.665138888888889,0.13014166666666666,2180.0,3385.0,6655.0,1440,100.0,3,3,0,2007-03-08
21.2102,240.88846527777778,3.73125,0.08280416666666666,1093.0,345.0,8631.0,1440,100.0,4,3,0,2007-03-09
41.41186666666667,239.80283333333335,7.341944444444445,0.16911666666666667,4130.0,5422.0,10979.0,1440,100.0,5,3,1,2007-03-10
58.0106,240.00729166666667,10.121527777777779,0.12039861111111111,4810.0,3420.0,9500.0,1440,100.0,6,3,1,2007-03-11
32.51113333333333,240.55871527777776,5.728472222222222,0.0933486111111111,1403.0,2841.0,12353.0,1440,100.0,0,3,0,2007-03-12
21.5024,240.89796527777779,3.8056944444444443,0.08799861111111111,1350.0,3859.0,5323.0,1440,100.0,1,3,0,2007-03-13
29.8894,240.77729166666666,5.2675,0.10939027777777777,3485.0,480.0,8607.0,1440,100.0,2,3,0,2007-03-14
31.413566666666664,240.28049305555552,5.523194444444444,0.11064305555555555,0.0,3263.0,11036.0,1440,100.0,3,3,0,2007-03-15
28.36756666666667,239.52713194444445,4.992361111111111,0.09042222222222222,1106.0,4604.0,5370.0,1440,100.0,4,3,0,2007-03-16
33.8015,238.22465277777778,5.946111111111111,0.08824166666666666,2208.0,359.0,12275.0,1440,100.0,5,3,1,2007-03-17
39.51743333333333,241.04781944444443,7.007916666666667,0.1676736111111111,6564.0,7369.0,5856.0,1440,100.0,6,3,1,2007-03-18
35.8753,240.49709027777777,6.281944444444444,0.10053055555555557,1648.0,2686.0,14118.0,1440,100.0,0,3,0,2007-03-19
34.77046666666667,240.8156388888889,6.151249999999999,0.11449305555555556,3745.0,2837.0,11255.0,1440,100.0,1,3,0,2007-03-20
35.70153333333333,240.98664583333334,6.237222222222223,0.09918750000000001,1865.0,4133.0,12335.0,1440,100.0,2,3,0,2007-03-21
24.249633333333332,241.76352777777777,4.223055555555556,0.07904583333333333,353.0,736.0,10462.0,1440,100.0,3,3,0,2007-03-22
21.8168,241.64547916666666,3.80375,0.08297777777777778,1127.0,777.0,8369.0,1440,100.0,4,3,0,2007-03-23
49.47383333333333,239.70447222222222,8.703333333333333,0.13265555555555555,3707.0,5797.0,16382.0,1440,100.0,5,3,1,2007-03-24
55.602066666666666,240.0327588603197,9.722307157748435,0.16398332175121613,4630.0,3600.0,9358.0,1439,99.93055555555556,6,3,1,2007-03-25
23.601366666666664,241.3368125,4.183055555555556,0.11178194444444445,1088.0,344.0,9096.0,1440,100.0,0,3,0,2007-03-26
18.419,240.60197916666664,3.296527777777778,0.10536527777777778,0.0,3019.0,3697.0,1440,100.0,1,3,0,2007-03-27
38.8983,240.4446111111111,6.854583333333333,0.13647083333333335,1122.0,8527.0,13888.0,1440,100.0,2,3,0,2007-03-28
26.506766666666667,240.5366875,4.676805555555556,0.13798333333333332,1162.0,460.0,10724.0,1440,100.0,3,3,0,2007-03-29
23.373233333333328,241.03922916666667,4.189583333333333,0.12578333333333333,1094.0,468.0,8217.0,1440,100.0,4,3,0,2007-03-30
58.49183333333334,239.26077083333334,10.264722222222222,0.16076666666666667,2620.0,7707.0,17682.0,1440,100.0,5,3,1,2007-03-31
46.43253333333334,240.02448611111112,8.149444444444445,0.1406611111111111,4629.0,5401.0,19509.0,1440,100.0,6,4,1,2007-04-01
32.67963333333333,240.46011805555557,5.71263888888889,0.12106666666666667,1755.0,970.0,16641.0,1440,100.0,0,4,0,2007-04-02
27.380333333333333,240.50495833333335,4.84625,0.11719444444444443,3630.0,1042.0,7637.0,1440,100.0,1,4,0,2007-04-03
34.19780000000001,240.33178472222224,5.98625,0.11966527777777779,3434.0,420.0,14748.0,1440,100.0,2,4,0,2007-04-04
30.73463333333333,241.1731041666667,5.491527777777778,0.16981805555555557,1086.0,4277.0,10523.0,1440,100.0,3,4,0,2007-04-05
26.685666666666666,241.18445138888887,4.688611111111111,0.09945416666666666,0.0,5466.0,9166.0,1440,100.0,4,4,0,2007-04-06
25.898733333333332,240.37859027777776,4.564583333333333,0.09634027777777777,1127.0,3111.0,5923.0,1440,100.0,5,4,1,2007-04-07
26.813600000000005,240.34918055555556,4.719861111111111,0.0943625,0.0,485.0,3545.0,1440,100.0,6,4,1,2007-04-08
16.682000000000002,240.55048611111113,2.974583333333333,0.1111875,2667.0,514.0,3801.0,1440,100.0,0,4,0,2007-04-09
12.956066666666665,240.8137013888889,2.347361111111111,0.10343055555555555,209.0,742.0,2572.0,1440,100.0,1,4,0,2007-04-10
14.791366666666667,241.1548263888889,2.61875,0.13364305555555556,0.0,1112.0,6421.0,1440,100.0,2,4,0,2007-04-11
8.961766666666668,240.25606249999998,1.5979166666666667,0.10264722222222224,0.0,541.0,1818.0,1440,100.0,3,4,0,2007-04-12
9.1837,240.05048611111113,1.6433333333333333,0.10530555555555554,0.0,558.0,1988.0,1440,100.0,4,4,0,2007-04-13
9.2378,240.31314583333332,1.6513888888888888,0.1080625,0.0,578.0,2008.0,1440,100.0,5,4,1,2007-04-14
12.102733333333333,240.23668750000002,2.1865277777777776,0.11912777777777779,0.0,1026.0,2893.0,1440,100.0,6,4,1,2007-04-15
15.873166666666666,240.6571388888889,2.8724999999999996,0.12921805555555557,952.0,1305.0,4656.0,1440,100.0,0,4,0,2007-04-16
20.395566666666664,240.19566666666668,3.6908333333333334,0.15163472222222224,1532.0,389.0,6199.0,1440,100.0,1,4,0,2007-04-17
16.637433333333334,240.14677777777777,2.9954166666666664,0.11473888888888888,1579.0,355.0,3430.0,1440,100.0,2,4,0,2007-04-18
17.144299999999998,240.42984027777777,3.055833333333333,0.10393055555555555,733.0,1605.0,5748.0,1440,100.0,3,4,0,2007-04-19
13.709666666666667,240.13289583333332,2.494861111111111,0.10114305555555557,1069.0,360.0,3499.0,1440,100.0,4,4,0,2007-04-20
27.894266666666674,239.21323611111112,5.035694444444444,0.14767916666666667,6575.0,463.0,11129.0,1440,100.0,5,4,1,2007-04-21
37.228566666666666,239.60888194444442,6.688472222222222,0.1855513888888889,4264.0,2287.0,11102.0,1440,100.0,6,4,1,2007-04-22
17.5761,237.23564583333334,3.264166666666666,0.09419444444444444,1402.0,506.0,6005.0,1440,100.0,0,4,0,2007-04-23
17.201666666666664,235.3449236111111,3.1448611111111116,0.09393333333333334,1125.0,527.0,6680.0,1440,100.0,1,4,0,2007-04-24
21.069366666666667,234.94111111111113,3.858055555555556,0.11439999999999999,0.0,1469.0,8812.0,1440,100.0,2,4,0,2007-04-25
21.257766666666665,234.7872986111111,3.92375,0.11361527777777777,1324.0,1845.0,7163.0,1440,100.0,3,4,0,2007-04-26
18.238866666666663,235.21616666666668,3.3125,0.11245,1772.0,545.0,4756.0,1440,100.0,4,4,0,2007-04-27
27.73096666666667,234.6787013888889,5.073333333333333,0.12611666666666668,4005.0,995.0,8546.0,1440,100.0,1,5,0,2007-05-01
16.724766666666667,235.58207638888888,3.1415277777777777,0.11117500000000001,7.0,1490.0,3754.0,1440,100.0,2,5,0,2007-05-02
18.170633333333335,235.1348888888889,3.307638888888889,0.10482083333333334,1906.0,1725.0,7836.0,1440,100.0,3,5,0,2007-05-03
16.635466666666666,235.71019444444443,3.0780555555555553,0.12134722222222223,2259.0,538.0,3990.0,1440,100.0,4,5,0,2007-05-04
26.050866666666668,235.03502083333333,4.736111111111111,0.12090416666666667,2913.0,2493.0,11303.0,1440,100.0,5,5,1,2007-05-05
35.035066666666665,234.4096527777778,6.409027777777778,0.12662222222222222,3215.0,949.0,10095.0,1440,100.0,6,5,1,2007-05-06
27.394399999999997,234.5369722222222,4.980972222222222,0.11730416666666667,946.0,4935.0,9433.0,1440,100.0,0,5,0,2007-05-07
29.821533333333335,234.9062361111111,5.356388888888889,0.12611944444444445,4581.0,2011.0,8777.0,1440,100.0,1,5,0,2007-05-08
27.762266666666665,234.8737222222222,5.056111111111111,0.12741944444444445,3018.0,5631.0,9474.0,1440,100.0,2,5,0,2007-05-09
11.798066666666667,235.79625694444442,2.2068055555555555,0.11688472222222222,946.0,534.0,3261.0,1440,100.0,3,5,0,2007-05-10
16.319233333333333,235.22975694444443,3.027638888888889,0.09173333333333333,926.0,491.0,6471.0,1440,100.0,4,5,0,2007-05-11
24.0261,234.72290277777776,4.360555555555555,0.14525833333333332,2247.0,1075.0,10408.0,1440,100.0,5,5,1,2007-05-12
27.24563333333333,235.7087083333333,4.969166666666667,0.15324305555555554,3612.0,2414.0,8958.0,1440,100.0,6,5,1,2007-05-13
24.463033333333332,235.69006944444445,4.574166666666667,0.2073277777777778,3176.0,2417.0,5517.0,1440,100.0,0,5,0,2007-05-14
15.073200000000002,235.61199305555556,2.7333333333333334,0.07720972222222222,0.0,408.0,5318.0,1440,100.0,1,5,0,2007-05-15
28.215733333333333,235.26081250000001,5.071805555555556,0.09437083333333333,2213.0,5756.0,9077.0,1440,100.0,2,5,0,2007-05-16
20.530266666666666,235.86845833333334,3.720972222222222,0.09110277777777777,1014.0,2073.0,7687.0,1440,100.0,3,5,0,2007-05-17
27.192166666666665,235.9945972222222,4.876666666666666,0.11892916666666667,3270.0,3913.0,8116.0,1440,100.0,4,5,0,2007-05-18
23.824033333333333,234.94472222222223,4.319305555555555,0.11656805555555556,4683.0,530.0,7022.0,1440,100.0,5,5,1,2007-05-19
32.80546666666667,235.34811805555555,5.941527777777777,0.13023055555555557,5420.0,1733.0,7611.0,1440,100.0,6,5,1,2007-05-20
18.6677,234.6919097222222,3.338611111111111,0.08144444444444444,0.0,468.0,9060.0,1440,100.0,0,5,0,2007-05-21
18.880866666666666,235.48057638888892,3.3998611111111114,0.089525,931.0,3966.0,3984.0,1440,100.0,1,5,0,2007-05-22
24.4156,234.81249305555554,4.3975,0.11519305555555555,956.0,3792.0,8119.0,1440,100.0,2,5,0,2007-05-23
19.2398,235.5460625,3.462083333333333,0.0941388888888889,955.0,4116.0,4746.0,1440,100.0,3,5,0,2007-05-24
26.90366666666667,234.44720138888886,4.863472222222222,0.12124166666666666,8060.0,586.0,6539.0,1440,100.0,4,5,0,2007-05-25
25.204133333333335,235.0698888888889,4.562777777777778,0.12100000000000001,2373.0,2754.0,8628.0,1440,100.0,5,5,1,2007-05-26
35.8968,234.90843750000002,6.5065277777777775,0.15270416666666667,4366.0,5534.0,10444.0,1440,100.0,6,5,1,2007-05-27
27.29113333333333,234.90657638888888,4.921944444444445,0.10493055555555555,4554.0,473.0,9586.0,1440,100.0,0,5,0,2007-05-28
17.689,235.6943472222222,3.2072222222222218,0.07864166666666667,0.0,1907.0,4332.0,1440,100.0,1,5,0,2007-05-29
26.8311,234.83139583333335,4.8284722222222225,0.10212361111111111,2250.0,5948.0,7804.0,1440,100.0,2,5,0,2007-05-30
15.6425,235.09652777777777,2.7918055555555554,0.08999027777777778,935.0,477.0,3552.0,1440,100.0,3,5,0,2007-05-31
17.4153,235.32332175121613,3.1356497567755386,0.09950104239054898,0.0,483.0,7664.0,1439,99.93055555555556,4,6,0,2007-06-01
24.73936666666667,234.4690277777778,4.474027777777778,0.11535277777777778,3971.0,1250.0,7633.0,1440,100.0,5,6,1,2007-06-02
35.133766666666666,234.762375,6.352916666666667,0.12670694444444444,4985.0,7529.0,8334.0,1440,100.0,6,6,1,2007-06-03
15.193633333333333,234.7480694444444,2.8222222222222224,0.15499444444444446,1585.0,836.0,4533.0,1440,100.0,0,6,0,2007-06-04
24.314866666666667,234.6927638888889,4.465138888888889,0.17756388888888888,4484.0,1027.0,6448.0,1440,100.0,1,6,0,2007-06-05
28.2273,234.62163307852677,5.108825573314802,0.1605698401667825,3329.0,829.0,11663.0,1439,99.93055555555556,2,6,0,2007-06-06
16.416700000000002,234.47880555555554,2.9823611111111115,0.11967638888888889,985.0,699.0,3959.0,1440,100.0,3,6,0,2007-06-07
35.80076666666666,236.19744444444444,6.448194444444444,0.1595361111111111,2799.0,11440.0,11380.0,1440,100.0,4,6,0,2007-06-08
17.663566666666668,240.70545649072753,3.2562054208273894,0.16166619115549216,852.0,596.0,6590.0,1402,97.36111111111111,5,6,1,2007-06-09
22.346866666666664,240.84428472222223,4.005694444444444,0.1660361111111111,4202.0,1924.0,5983.0,1440,100.0,6,6,1,2007-06-10
13.244233333333334,240.85674999999998,2.4179166666666667,0.13516250000000002,0.0,487.0,5328.0,1440,100.0,0,6,0,2007-06-11
15.312766666666667,240.2248958333333,2.8586111111111108,0.1502888888888889,1882.0,475.0,3898.0,1440,100.0,1,6,0,2007-06-12
15.454533333333332,240.39760416666667,2.8175,0.144625,957.0,857.0,5216.0,1440,100.0,2,6,0,2007-06-13
20.984733333333335,239.84778472222223,3.783333333333333,0.1609,3322.0,2147.0,7054.0,1440,100.0,3,6,0,2007-06-14
16.4934,240.46438194444445,3.0662499999999997,0.1748347222222222,2269.0,4011.0,4547.0,1440,100.0,4,6,0,2007-06-15
33.62936666666667,239.50169444444444,5.975,0.21358194444444445,3289.0,4498.0,11108.0,1440,100.0,5,6,1,2007-06-16
32.4515,240.21918055555554,5.7693055555555555,0.1665375,4124.0,5038.0,8734.0,1440,100.0,6,6,1,2007-06-17
11.307899999999998,240.77620138888886,2.07875,0.1255625,0.0,529.0,4241.0,1440,100.0,0,6,0,2007-06-18
14.039333333333333,240.26925591098748,2.560778859527121,0.13072739916550763,973.0,535.0,4357.0,1438,99.86111111111111,1,6,0,2007-06-19
17.904766666666667,240.15616666666668,3.3068055555555556,0.1578486111111111,1761.0,2588.0,5106.0,1440,100.0,2,6,0,2007-06-20
13.449099999999998,240.57494444444444,2.500833333333333,0.15454583333333333,932.0,2400.0,3711.0,1440,100.0,3,6,0,2007-06-21
9.438233333333333,240.83563194444443,1.807361111111111,0.14480972222222224,0.0,951.0,3482.0,1440,100.0,4,6,0,2007-06-22
7.959433333333333,240.31896527777778,1.5356944444444445,0.13411111111111113,0.0,786.0,2402.0,1440,100.0,5,6,1,2007-06-23
11.910933333333332,241.1322152777778,2.207638888888889,0.12455694444444444,0.0,791.0,3449.0,1440,100.0,6,6,1,2007-06-24
17.870033333333332,240.4222638888889,3.25,0.13699305555555558,1985.0,3621.0,4816.0,1440,100.0,0,6,0,2007-06-25
15.748466666666667,240.09450694444448,2.877083333333333,0.12668055555555555,971.0,1334.0,5231.0,1440,100.0,1,6,0,2007-06-26
24.680433333333333,239.7584097222222,4.429166666666666,0.1437486111111111,2603.0,6451.0,7270.0,1440,100.0,2,6,0,2007-06-27
21.590633333333336,239.4236666666667,3.8895833333333334,0.15100416666666666,0.0,4368.0,9541.0,1440,100.0,3,6,0,2007-06-28
21.736633333333334,240.18230020847813,3.9424600416956217,0.14328978457261987,4363.0,667.0,6797.0,1439,99.93055555555556,4,6,0,2007-06-29
22.255233333333333,240.01161111111108,3.9715277777777778,0.1308013888888889,3049.0,792.0,8376.0,1440,100.0,5,6,1,2007-06-30
17.111066666666666,240.06715277777778,3.080694444444444,0.11975555555555556,969.0,736.0,4690.0,1440,100.0,6,7,1,2007-07-01
16.1172,240.6718125,2.9277777777777776,0.1228638888888889,1018.0,5281.0,3445.0,1440,100.0,0,7,0,2007-07-02
17.665199999999995,240.1869375,3.2306944444444445,0.1252347222222222,467.0,3214.0,4695.0,1440,100.0,1,7,0,2007-07-03
16.723499999999998,240.65963194444444,3.0954166666666665,0.1759263888888889,2329.0,2218.0,5632.0,1440,100.0,2,7,0,2007-07-04
17.6215,240.44444444444446,3.2331944444444445,0.17133055555555557,2922.0,770.0,3973.0,1440,100.0,3,7,0,2007-07-05
17.8254,240.5994513888889,3.2686111111111114,0.1523263888888889,2826.0,3563.0,4005.0,1440,100.0,4,7,0,2007-07-06
22.636766666666666,239.91013888888887,4.034861111111111,0.14864166666666667,997.0,3047.0,10177.0,1440,100.0,5,7,1,2007-07-07
18.151333333333334,240.33889583333334,3.289305555555556,0.13674999999999998,1825.0,2831.0,5277.0,1440,100.0,6,7,1,2007-07-08
19.669300000000003,240.6176458333333,3.51625,0.1197375,923.0,594.0,9386.0,1440,100.0,0,7,0,2007-07-09
15.138733333333333,239.98305555555555,2.786111111111111,0.12239166666666666,67.0,2227.0,4631.0,1440,100.0,1,7,0,2007-07-10
12.039199999999997,241.0300347222222,2.1994444444444445,0.10684444444444444,1015.0,647.0,5284.0,1440,100.0,2,7,0,2007-07-11
17.82636666666667,240.76461805555556,3.2336111111111108,0.14520694444444446,1029.0,2550.0,6419.0,1440,100.0,3,7,0,2007-07-12
13.239700000000001,240.85480555555554,2.450833333333333,0.14353749999999998,0.0,633.0,4427.0,1440,100.0,4,7,0,2007-07-13
21.469499999999996,241.29188194444444,3.8940277777777776,0.17947916666666666,3775.0,1968.0,6604.0,1440,100.0,5,7,1,2007-07-14
15.283733333333334,240.5965496183206,3.0916030534351147,0.17800152671755723,862.0,632.0,5585.0,1310,90.97222222222221,6,7,1,2007-07-15
14.227900000000002,236.5072361111111,2.6605555555555553,0.16247222222222224,830.0,695.0,4176.0,1440,100.0,0,7,0,2007-07-16
11.993866666666667,234.74125694444442,2.27625,0.12228333333333333,848.0,694.0,3335.0,1440,100.0,1,7,0,2007-07-17
12.618033333333333,231.08822916666665,2.3868055555555556,0.10869027777777779,909.0,671.0,4628.0,1440,100.0,2,7,0,2007-07-18
11.2981,234.26186111111113,2.1438888888888887,0.12986944444444445,1068.0,703.0,3130.0,1440,100.0,3,7,0,2007-07-19
18.507033333333332,235.56890277777777,3.451666666666666,0.15494305555555554,2111.0,2418.0,4765.0,1440,100.0,4,7,0,2007-07-20
17.6708,234.25662499999999,3.291527777777778,0.1639986111111111,428.0,512.0,7756.0,1440,100.0,5,7,1,2007-07-21
22.92956666666667,235.96373175816538,4.226546212647672,0.15166504517025714,7091.0,2136.0,5563.0,1439,99.93055555555556,6,7,1,2007-07-22
16.51696666666667,234.50086805555554,3.075972222222222,0.09984027777777779,1747.0,1288.0,3847.0,1440,100.0,0,7,0,2007-07-23
13.754733333333332,235.36304166666667,2.550972222222222,0.07834027777777777,0.0,1607.0,5599.0,1440,100.0,1,7,0,2007-07-24
7.8759999999999994,235.6410486111111,1.4793055555555554,0.0751625,0.0,151.0,2333.0,1440,100.0,2,7,0,2007-07-25
15.408333333333333,234.94372222222225,2.8381944444444445,0.079925,975.0,3633.0,4346.0,1440,100.0,3,7,0,2007-07-26
20.0419,235.55368055555556,3.6233333333333335,0.08365,1837.0,49.0,7157.0,1440,100.0,4,7,0,2007-07-27
27.031033333333333,235.5072361111111,4.941666666666666,0.12411805555555555,907.0,10265.0,6559.0,1440,100.0,5,7,1,2007-07-28
5.351933333333333,235.71203472222223,1.0334722222222223,0.08234444444444444,0.0,0.0,1288.0,1440,100.0,6,7,1,2007-07-29
7.780266666666666,235.5302291666667,1.4672222222222224,0.08992499999999999,0.0,0.0,2528.0,1440,100.0,0,7,0,2007-07-30
13.538866666666669,234.9148125,2.5025,0.10124027777777778,3277.0,0.0,3575.0,1440,100.0,1,7,0,2007-07-31
17.672300000000003,235.00917547568713,3.253417899929528,0.10046229739252996,1583.0,0.0,9812.0,1419,98.54166666666667,2,8,0,2007-08-01
16.990266666666667,234.85659027777777,3.087083333333333,0.1006625,482.0,0.0,6869.0,1440,100.0,3,8,0,2007-08-02
17.722733333333334,234.4856041666667,3.2072222222222218,0.087075,958.0,0.0,9139.0,1440,100.0,4,8,0,2007-08-03
19.083166666666667,235.25722222222223,3.4523611111111108,0.09668472222222223,552.0,398.0,7966.0,1440,100.0,5,8,1,2007-08-04
13.1183,235.11527083333334,2.4368055555555554,0.10503749999999999,169.0,0.0,6647.0,1440,100.0,6,8,1,2007-08-05
18.162,234.70274305555557,3.3170833333333336,0.10724583333333333,1096.0,0.0,7985.0,1440,100.0,0,8,0,2007-08-06
24.726333333333333,234.55388194444447,4.425972222222222,0.0910986111111111,437.0,2168.0,9042.0,1440,100.0,1,8,0,2007-08-07
18.758033333333334,234.512375,3.3805555555555555,0.08270555555555556,1055.0,1111.0,9660.0,1440,100.0,2,8,0,2007-08-08
17.86133333333333,234.21438888888886,3.272361111111111,0.07602361111111111,182.0,4515.0,6646.0,1440,100.0,3,8,0,2007-08-09
17.1335,234.48881250000002,3.1297222222222225,0.08170555555555556,336.0,2651.0,8287.0,1440,100.0,4,8,0,2007-08-10
18.194166666666668,234.98018055555556,3.2856944444444443,0.08039583333333333,1180.0,910.0,10339.0,1440,100.0,5,8,1,2007-08-11
20.6984,235.6648541666667,3.742777777777778,0.08873333333333333,1123.0,1156.0,8582.0,1440,100.0,6,8,1,2007-08-12
19.216866666666668,235.21656944444445,3.44875,0.09093055555555556,93.0,476.0,11101.0,1440,100.0,0,8,0,2007-08-13
15.6865,237.07638888888889,2.8541666666666665,0.09167361111111111,951.0,685.0,6256.0,1440,100.0,1,8,0,2007-08-14
19.864333333333335,239.99340972222222,3.5420833333333337,0.11094722222222222,338.0,508.0,9787.0,1440,100.0,2,8,0,2007-08-15
15.974933333333333,239.73765972222222,2.843888888888889,0.09134166666666667,962.0,0.0,7476.0,1440,100.0,3,8,0,2007-08-16
16.831533333333333,240.4940486111111,2.9815277777777776,0.0884638888888889,244.0,0.0,7769.0,1440,100.0,4,8,0,2007-08-17
5.799333333333333,241.27963194444445,1.0788888888888888,0.08280555555555555,0.0,0.0,1830.0,1440,100.0,5,8,1,2007-08-18
23.704900000000002,239.9536666666667,4.2619444444444445,0.11112361111111112,1025.0,8912.0,5989.0,1440,100.0,6,8,1,2007-08-19
22.314033333333334,241.30069444444445,3.9633333333333334,0.10825,1032.0,6965.0,7383.0,1440,100.0,0,8,0,2007-08-20
10.709266666666668,240.57305555555556,1.961111111111111,0.10924166666666667,0.0,38.0,3296.0,1440,100.0,1,8,0,2007-08-21
20.163466666666668,240.81731944444445,3.57125,0.10714444444444446,3048.0,1836.0,7241.0,1440,100.0,2,8,0,2007-08-22
18.53853333333333,240.64730555555556,3.330277777777778,0.10969027777777779,2502.0,259.0,5342.0,1440,100.0,3,8,0,2007-08-23
27.603566666666666,240.49464211257816,4.938568450312718,0.1825517720639333,1891.0,3782.0,9944.0,1439,99.93055555555556,4,8,0,2007-08-24
19.181333333333335,239.8598263888889,3.55375,0.18926944444444443,4149.0,2191.0,5678.0,1440,100.0,5,8,1,2007-08-25
21.9151,239.95091666666667,4.012638888888889,0.2079083333333333,1541.0,3645.0,5658.0,1440,100.0,6,8,1,2007-08-26
20.1955,239.92358333333334,3.6912499999999997,0.20769722222222223,2305.0,1229.0,6344.0,1440,100.0,0,8,0,2007-08-27
16.616733333333332,239.54987500000001,2.996111111111111,0.12577361111111113,1038.0,2468.0,5483.0,1440,100.0,1,8,0,2007-08-28
12.466533333333334,240.74499305555554,2.279583333333333,0.1218236111111111,957.0,562.0,4932.0,1440,100.0,2,8,0,2007-08-29
20.04096666666667,240.57317361111112,3.6043055555555554,0.13267222222222222,3822.0,2580.0,4221.0,1440,100.0,3,8,0,2007-08-30
21.33036666666667,239.98570138888888,3.788472222222222,0.1300388888888889,1200.0,666.0,8738.0,1440,100.0,4,8,0,2007-08-31
28.358099999999997,239.35574305555556,5.065416666666667,0.20128194444444444,2497.0,569.0,9733.0,1440,100.0,5,9,1,2007-09-01
27.7078,240.04533333333336,5.017222222222222,0.16083194444444446,3613.0,1617.0,8806.0,1440,100.0,6,9,1,2007-09-02
17.315366666666666,239.62034722222222,3.1306944444444444,0.1308486111111111,621.0,2515.0,5323.0,1440,100.0,0,9,0,2007-09-03
26.415733333333332,239.65966666666665,4.755972222222223,0.12474027777777778,2928.0,3501.0,9821.0,1440,100.0,1,9,0,2007-09-04
20.60953333333333,239.1481597222222,3.697638888888889,0.10337777777777778,0.0,4144.0,6705.0,1440,100.0,2,9,0,2007-09-05
15.024566666666665,239.3400486111111,2.752222222222222,0.11946250000000001,0.0,3888.0,3461.0,1440,100.0,3,9,0,2007-09-06
22.274933333333333,239.0317013888889,4.007222222222222,0.12620694444444444,3632.0,551.0,9388.0,1440,100.0,4,9,0,2007-09-07
24.495866666666664,239.73044444444446,4.391944444444444,0.12939583333333335,3339.0,1801.0,9164.0,1440,100.0,5,9,1,2007-09-08
27.991699999999998,238.92214583333333,5.054027777777778,0.14524444444444443,2184.0,4438.0,9233.0,1440,100.0,6,9,1,2007-09-09
18.622933333333332,239.3886597222222,3.36375,0.1232625,935.0,595.0,5613.0,1440,100.0,0,9,0,2007-09-10
16.39286666666667,240.07199305555554,2.9520833333333334,0.10539166666666668,943.0,550.0,5792.0,1440,100.0,1,9,0,2007-09-11
21.462733333333336,240.01505555555556,3.86,0.1193013888888889,0.0,3217.0,7755.0,1440,100.0,2,9,0,2007-09-12
19.106366666666663,239.3098333333333,3.4644444444444447,0.11524861111111111,1175.0,2523.0,3853.0,1440,100.0,3,9,0,2007-09-13
18.924500000000002,239.30189583333333,3.444722222222222,0.12717083333333334,901.0,676.0,5804.0,1440,100.0,4,9,0,2007-09-14
18.2552,240.00197222222224,3.278194444444445,0.1281013888888889,0.0,1449.0,6464.0,1440,100.0,5,9,1,2007-09-15
27.537066666666668,239.56046527777778,4.96625,0.13357777777777777,3118.0,3064.0,9310.0,1440,100.0,6,9,1,2007-09-16
24.353099999999998,239.21479861111112,4.413472222222222,0.14049583333333332,6651.0,926.0,6279.0,1440,100.0,0,9,0,2007-09-17
19.458666666666666,238.26067361111112,3.5127777777777776,0.102175,1888.0,2029.0,5425.0,1440,100.0,1,9,0,2007-09-18
21.64473333333333,240.30520833333333,3.8833333333333333,0.1054125,0.0,2743.0,7937.0,1440,100.0,2,9,0,2007-09-19
20.925533333333338,239.71498611111113,3.720972222222222,0.09229722222222221,1056.0,489.0,9996.0,1440,100.0,3,9,0,2007-09-20
20.646333333333327,239.38146527777778,3.732638888888889,0.10613472222222223,3130.0,2745.0,6316.0,1440,100.0,4,9,0,2007-09-21
19.602866666666667,239.48303472222221,3.515138888888889,0.12738333333333332,944.0,1311.0,7688.0,1440,100.0,5,9,1,2007-09-22
23.632833333333334,239.50043055555554,4.28,0.16873194444444445,2831.0,1929.0,7382.0,1440,100.0,6,9,1,2007-09-23
22.5755,238.60060416666667,4.078749999999999,0.13723888888888888,929.0,3935.0,7955.0,1440,100.0,0,9,0,2007-09-24
29.405700000000003,238.0996111111111,5.206388888888889,0.09033194444444445,916.0,2253.0,9820.0,1440,100.0,1,9,0,2007-09-25
30.371066666666668,239.42456884561892,5.3770514603616135,0.11726564673157162,1058.0,9415.0,5661.0,1438,99.86111111111111,2,9,0,2007-09-26
23.209999999999997,239.56705555555556,4.0777777777777775,0.10465972222222222,1066.0,643.0,7324.0,1440,100.0,3,9,0,2007-09-27
28.008300000000002,239.46243055555558,4.994166666666667,0.15466527777777778,996.0,3722.0,9952.0,1440,100.0,4,9,0,2007-09-28
38.27536666666666,239.1401111111111,6.7931944444444445,0.12647361111111113,4085.0,7457.0,8190.0,1440,100.0,5,9,1,2007-09-29
25.2715,240.0647847222222,4.452500000000001,0.11360277777777777,1405.0,582.0,10225.0,1440,100.0,6,9,1,2007-09-30
28.682033333333333,239.23991666666666,5.0737499999999995,0.10189861111111112,1507.0,6622.0,5960.0,1440,100.0,0,10,0,2007-10-01
36.64773333333333,238.49379166666665,6.474027777777778,0.11238055555555555,508.0,8022.0,12815.0,1440,100.0,1,10,0,2007-10-02
21.3409,239.26106944444444,3.8,0.10954027777777778,979.0,5024.0,3692.0,1440,100.0,2,10,0,2007-10-03
25.30763333333333,239.2050763888889,4.454583333333334,0.09614444444444445,2400.0,444.0,9710.0,1440,100.0,3,10,0,2007-10-04
23.23486666666667,238.8271111111111,4.089722222222222,0.10460833333333333,0.0,351.0,9425.0,1440,100.0,4,10,0,2007-10-05
29.270666666666667,238.38071527777777,5.167638888888889,0.1293,4840.0,347.0,9666.0,1440,100.0,5,10,1,2007-10-06
35.1019,238.8262777777778,6.207916666666667,0.10637361111111111,2498.0,8255.0,10886.0,1440,100.0,6,10,1,2007-10-07
18.254033333333336,239.09654861111113,3.2311111111111113,0.08465,0.0,420.0,5082.0,1440,100.0,0,10,0,2007-10-08
28.130966666666662,238.87914583333333,4.9823611111111115,0.1109736111111111,2034.0,2147.0,9290.0,1440,100.0,1,10,0,2007-10-09
19.44953333333333,239.4211597222222,3.4886111111111116,0.09218888888888889,1863.0,2117.0,3345.0,1440,100.0,2,10,0,2007-10-10
28.8741,238.4441527777778,5.1090277777777775,0.106325,2630.0,414.0,7806.0,1440,100.0,3,10,0,2007-10-11
31.908399999999997,238.48131250000003,5.667083333333333,0.09582222222222223,1020.0,5028.0,11659.0,1440,100.0,4,10,0,2007-10-12
32.11213333333333,238.76540972222222,5.700694444444444,0.08694722222222222,969.0,3799.0,8463.0,1440,100.0,5,10,1,2007-10-13
34.3542,239.1010347222222,6.078749999999999,0.1042013888888889,2930.0,7494.0,7126.0,1440,100.0,6,10,1,2007-10-14
21.1055,239.29270833333334,3.7219444444444445,0.08207083333333333,1061.0,339.0,7654.0,1440,100.0,0,10,0,2007-10-15
32.7407,238.86261805555554,5.823194444444444,0.1287597222222222,0.0,7871.0,9876.0,1440,100.0,1,10,0,2007-10-16
26.28216666666667,239.19213194444444,4.6369444444444445,0.09472222222222222,1065.0,453.0,8968.0,1440,100.0,2,10,0,2007-10-17
25.308833333333332,239.80028472222222,4.43375,0.08506944444444445,1162.0,317.0,9864.0,1440,100.0,3,10,0,2007-10-18
34.7608,239.65217361111112,6.103194444444445,0.08435972222222222,1299.0,3124.0,11648.0,1440,100.0,4,10,0,2007-10-19
27.670766666666665,241.82481944444444,4.814722222222222,0.09690555555555556,2363.0,296.0,13225.0,1440,100.0,5,10,1,2007-10-20
32.36566666666667,241.49074305555555,5.701666666666666,0.10696388888888889,3712.0,4357.0,7313.0,1440,100.0,6,10,1,2007-10-21
27.54826666666667,240.54540277777778,4.805833333333333,0.08084027777777777,0.0,299.0,13027.0,1440,100.0,0,10,0,2007-10-22
32.577466666666666,241.2318567454798,5.712100139082058,0.08865368567454798,1067.0,5186.0,10680.0,1438,99.86111111111111,1,10,0,2007-10-23
31.093933333333336,240.80827083333332,5.473194444444444,0.10193194444444445,4459.0,364.0,9115.0,1440,100.0,2,10,0,2007-10-24
30.898633333333336,240.47263194444446,5.413611111111111,0.09180555555555554,1478.0,2433.0,7385.0,1440,100.0,3,10,0,2007-10-25
23.95946666666667,240.68085416666665,4.365833333333334,0.07616388888888889,0.0,348.0,5766.0,1440,100.0,4,10,0,2007-10-26
29.761466666666667,240.20120833333334,5.309166666666666,0.07582361111111112,1374.0,4856.0,8949.0,1440,100.0,5,10,1,2007-10-27
8.535966666666667,240.86605555555556,1.485277777777778,0.06409583333333334,0.0,283.0,1765.0,1440,100.0,6,10,1,2007-10-28
9.090466666666664,241.19330555555555,1.5744444444444443,0.06041527777777778,0.0,269.0,2749.0,1440,100.0,0,10,0,2007-10-29
13.5168,240.62592361111112,2.3513888888888888,0.06238888888888889,0.0,1935.0,4256.0,1440,100.0,1,10,0,2007-10-30
21.386833333333335,240.33897916666666,3.7423611111111112,0.07444444444444445,0.0,4700.0,8915.0,1440,100.0,2,10,0,2007-10-31
8.270266666666666,240.93840277777778,1.4359722222222224,0.05905972222222223,0.0,293.0,1991.0,1440,100.0,3,11,0,2007-11-01
24.060033333333333,239.3489861111111,4.202638888888889,0.06483472222222222,1346.0,2115.0,12245.0,1440,100.0,4,11,0,2007-11-02
8.209166666666667,240.19050694444445,1.4343055555555557,0.06119722222222222,0.0,282.0,1936.0,1440,100.0,5,11,1,2007-11-03
24.761433333333336,240.20552083333334,4.384027777777778,0.09639027777777777,0.0,4387.0,7068.0,1440,100.0,6,11,1,2007-11-04
25.009866666666664,239.65911111111112,4.39625,0.09121527777777777,1265.0,397.0,6583.0,1440,100.0,0,11,0,2007-11-05
34.70629999999999,238.70195833333335,6.149861111111111,0.13925416666666668,1105.0,5515.0,10690.0,1440,100.0,1,11,0,2007-11-06
30.745966666666668,239.5649097222222,5.481111111111111,0.1343888888888889,5042.0,301.0,6374.0,1440,100.0,2,11,0,2007-11-07
25.017666666666667,240.75264583333333,4.435,0.09354027777777778,1715.0,314.0,6500.0,1440,100.0,3,11,0,2007-11-08
36.187099999999994,238.71543749999998,6.367222222222222,0.07864027777777778,0.0,4573.0,15375.0,1440,100.0,4,11,0,2007-11-09
43.52666666666667,239.11040972222222,7.706944444444445,0.1650361111111111,3697.0,304.0,13767.0,1440,100.0,5,11,1,2007-11-10
31.452066666666667,240.26026388888891,5.540555555555556,0.12889583333333335,3445.0,320.0,6024.0,1440,100.0,6,11,1,2007-11-11
35.93576666666667,239.82559027777776,6.271944444444444,0.09546388888888888,1018.0,4165.0,13281.0,1440,100.0,0,11,0,2007-11-12
36.90663333333334,241.12297916666668,6.4534722222222225,0.09788333333333334,978.0,4933.0,11076.0,1440,100.0,1,11,0,2007-11-13
34.13323333333334,239.9460277777778,5.9406944444444445,0.0983263888888889,1055.0,295.0,16345.0,1440,100.0,2,11,0,2007-11-14
24.866466666666668,239.98499305555558,4.396388888888889,0.09240694444444444,1606.0,571.0,7503.0,1440,100.0,3,11,0,2007-11-15
38.4959,240.9835138888889,6.718055555555556,0.08609583333333333,1991.0,4660.0,13564.0,1440,100.0,4,11,0,2007-11-16
43.50156666666667,240.6034236111111,7.598888888888888,0.1166875,2588.0,2199.0,14990.0,1440,100.0,5,11,1,2007-11-17
36.39763333333334,242.26045833333333,6.3476388888888895,0.11233472222222222,5201.0,2097.0,7066.0,1440,100.0,6,11,1,2007-11-18
28.727566666666668,242.76635416666664,5.00625,0.07779861111111111,1089.0,253.0,10750.0,1440,100.0,0,11,0,2007-11-19
34.93093333333333,241.33882638888886,6.090416666666667,0.08668888888888888,1015.0,3954.0,11026.0,1440,100.0,1,11,0,2007-11-20
29.197266666666668,241.4967616400278,5.114940931202224,0.09136900625434329,1139.0,549.0,9455.0,1439,99.93055555555556,2,11,0,2007-11-21
32.206300000000006,241.5650486111111,5.65625,0.09938055555555556,2867.0,297.0,9001.0,1440,100.0,3,11,0,2007-11-22
42.04363333333333,240.72236805555556,7.340694444444445,0.09646666666666667,2168.0,6181.0,13685.0,1440,100.0,4,11,0,2007-11-23
31.6509,241.80274305555557,5.512638888888889,0.10452222222222222,1573.0,4131.0,13451.0,1440,100.0,5,11,1,2007-11-24
23.259966666666667,242.66115972222224,4.086666666666667,0.08526111111111111,3556.0,279.0,5678.0,1440,100.0,6,11,1,2007-11-25
26.16193333333333,241.11649305555557,4.601388888888889,0.08128472222222222,1088.0,288.0,8926.0,1440,100.0,0,11,0,2007-11-26
46.68353333333334,241.32109722222222,8.15625,0.09721805555555556,1063.0,11020.0,15111.0,1440,100.0,1,11,0,2007-11-27
27.415666666666667,242.89480555555556,4.775555555555556,0.08016805555555556,1182.0,769.0,7810.0,1440,100.0,2,11,0,2007-11-28
28.653833333333335,242.73104239054896,5.018485059068798,0.08249478804725503,2031.0,283.0,8818.0,1439,99.93055555555556,3,11,0,2007-11-29
38.86213333333333,243.48774999999998,6.757222222222222,0.10227777777777777,0.0,7941.0,13601.0,1440,100.0,4,11,0,2007-11-30
52.24903333333332,240.2660833333333,9.191527777777777,0.20061944444444443,9356.0,353.0,17847.0,1440,100.0,5,12,1,2007-12-01
49.10313333333333,240.73000694444445,8.618611111111111,0.22575138888888888,2090.0,6915.0,10636.0,1440,100.0,6,12,1,2007-12-02
29.36766666666667,241.07959027777775,5.165555555555556,0.09160694444444444,1141.0,299.0,10428.0,1440,100.0,0,12,0,2007-12-03
34.4606,241.53597916666666,6.045138888888889,0.10070555555555555,1012.0,5828.0,8561.0,1440,100.0,1,12,0,2007-12-04
35.88533333333333,241.22788194444445,6.348194444444444,0.1238875,3422.0,295.0,10919.0,1440,100.0,2,12,0,2007-12-05
41.46556666666666,239.7100972222222,7.337916666666667,0.11245555555555556,4751.0,318.0,11908.0,1440,100.0,3,12,0,2007-12-06
29.4836,240.6710486111111,5.157916666666666,0.10252777777777777,459.0,3710.0,10263.0,1440,100.0,4,12,0,2007-12-07
36.89006666666667,239.55993055555555,6.508055555555556,0.10718055555555556,1133.0,2354.0,12283.0,1440,100.0,5,12,1,2007-12-08
37.90973333333333,239.9150763888889,6.701527777777779,0.1395388888888889,4176.0,2428.0,8728.0,1440,100.0,6,12,1,2007-12-09
29.312566666666665,241.90383333333335,5.174583333333333,0.08681388888888888,1102.0,278.0,8281.0,1440,100.0,0,12,0,2007-12-10
38.4184,241.4602361111111,6.7122222222222225,0.09284583333333334,1050.0,3817.0,12740.0,1440,100.0,1,12,0,2007-12-11
26.4677,242.47632638888888,4.591111111111111,0.08117083333333333,1152.0,254.0,7759.0,1440,100.0,2,12,0,2007-12-12
30.79576666666667,241.82734027777778,5.419583333333334,0.07742361111111111,1103.0,1448.0,8911.0,1440,100.0,3,12,0,2007-12-13
32.913466666666665,241.9859236111111,5.757777777777778,0.1246875,980.0,3849.0,12941.0,1440,100.0,4,12,0,2007-12-14
45.614599999999996,241.28064583333332,7.98,0.1094625,1706.0,3687.0,14313.0,1440,100.0,5,12,1,2007-12-15
46.036966666666665,242.6849861111111,7.992222222222222,0.08815138888888889,3410.0,2281.0,12929.0,1440,100.0,6,12,1,2007-12-16
29.951099999999997,242.62575399583045,5.189437109103545,0.07303544127866574,1636.0,243.0,10567.0,1439,99.93055555555556,0,12,0,2007-12-17
43.7199,242.93998611111112,7.602083333333334,0.10005555555555556,1123.0,5810.0,11093.0,1440,100.0,1,12,0,2007-12-18
36.60086666666667,242.70109722222224,6.334444444444444,0.07592777777777777,1233.0,2658.0,11679.0,1440,100.0,2,12,0,2007-12-19
32.49596666666666,243.16793750000002,5.613333333333333,0.08294027777777778,1859.0,276.0,13592.0,1440,100.0,3,12,0,2007-12-20
33.04293333333333,242.88163194444445,5.713749999999999,0.0739375,1191.0,200.0,12251.0,1440,100.0,4,12,0,2007-12-21
43.52106666666667,242.14553472222224,7.593472222222222,0.09813472222222222,3819.0,4550.0,12673.0,1440,100.0,5,12,1,2007-12-22
40.150800000000004,242.5579375,6.982777777777779,0.12241111111111111,1971.0,3091.0,11962.0,1440,100.0,6,12,1,2007-12-23
37.6308,242.6504236111111,6.549722222222223,0.10399583333333333,2985.0,2316.0,14350.0,1440,100.0,0,12,0,2007-12-24
44.91613333333333,242.98086805555556,7.790972222222222,0.105425,4588.0,3368.0,9084.0,1440,100.0,1,12,0,2007-12-25
43.004666666666665,242.39239583333332,7.426111111111111,0.09744027777777778,1109.0,2773.0,9480.0,1440,100.0,2,12,0,2007-12-26
42.2033,242.1116111111111,7.395833333333333,0.1323486111111111,4122.0,1490.0,7960.0,1440,100.0,3,12,0,2007-12-27
51.8842,242.28447916666667,9.030555555555555,0.1436111111111111,1980.0,8554.0,15823.0,1440,100.0,4,12,0,2007-12-28
54.982600000000005,240.55066666666667,9.56,0.13881388888888888,4836.0,2434.0,14906.0,1440,100.0,5,12,1,2007-12-29
42.6486,242.0991736111111,7.465694444444445,0.12391388888888889,3595.0,3597.0,13485.0,1440,100.0,6,12,1,2007-12-30
36.942366666666665,241.09479166666668,6.455,0.10106666666666667,0.0,3457.0,14071.0,1440,100.0,0,12,0,2007-12-31
45.99563333333334,241.0366736111111,7.978611111111111,0.09896388888888889,2461.0,2739.0,12355.0,1440,100.0,1,1,0,2008-01-01
27.401766666666667,242.41745138888888,4.770416666666667,0.07754583333333333,0.0,3094.0,8987.0,1440,100.0,2,1,0,2008-01-02
25.16846666666667,243.0774583333333,4.401666666666666,0.08415416666666667,1130.0,846.0,6671.0,1440,100.0,3,1,0,2008-01-03
38.19753333333333,241.27338194444442,6.715138888888888,0.09493472222222221,1241.0,5326.0,11752.0,1440,100.0,4,1,0,2008-01-04
36.38746666666667,238.82294444444443,6.446805555555556,0.08990555555555556,2113.0,286.0,14591.0,1440,100.0,5,1,1,2008-01-05
30.419733333333337,239.40729166666668,5.390138888888889,0.08122083333333333,1966.0,2445.0,7824.0,1440,100.0,6,1,1,2008-01-06
28.26356666666667,240.74393750000002,4.915277777777778,0.080675,1288.0,282.0,10294.0,1440,100.0,0,1,0,2008-01-07
34.05916666666666,240.82180555555558,5.99,0.08850833333333333,2197.0,3511.0,9793.0,1440,100.0,1,1,0,2008-01-08
29.807333333333336,241.2586388888889,5.231944444444444,0.08703888888888889,1162.0,284.0,8963.0,1440,100.0,2,1,0,2008-01-09
31.56793333333333,240.80713888888891,5.5945833333333335,0.08368333333333333,1307.0,285.0,9992.0,1440,100.0,3,1,0,2008-01-10
28.430300000000003,240.41004861111108,4.963472222222222,0.06630833333333333,1261.0,290.0,7997.0,1440,100.0,4,1,0,2008-01-11
47.8568,239.96018055555552,8.523888888888889,0.11300277777777777,5594.0,2621.0,11116.0,1440,100.0,5,1,1,2008-01-12
48.0276,239.75119527449615,8.449339819318972,0.10026268241834607,6505.0,340.0,9362.0,1439,99.93055555555556,6,1,1,2008-01-13
33.748866666666665,240.29900694444444,6.014583333333333,0.08340972222222222,5918.0,339.0,9738.0,1440,100.0,0,1,0,2008-01-14
44.781866666666666,240.7094861111111,7.891249999999999,0.07857222222222222,782.0,6883.0,14512.0,1440,100.0,1,1,0,2008-01-15
35.59753333333333,240.42214583333333,6.319583333333334,0.08953472222222222,1162.0,3430.0,9391.0,1440,100.0,2,1,0,2008-01-16
26.2047,241.62799305555555,4.6450000000000005,0.08105416666666666,1007.0,350.0,8657.0,1440,100.0,3,1,0,2008-01-17
36.449799999999996,239.93293055555554,6.432222222222222,0.08284027777777778,1034.0,846.0,14983.0,1440,100.0,4,1,0,2008-01-18
33.0051,239.60592361111114,5.828888888888889,0.0937375,2521.0,6054.0,8015.0,1440,100.0,5,1,1,2008-01-19
29.00613333333333,239.94454166666668,5.148888888888889,0.09625972222222222,1775.0,380.0,4940.0,1440,100.0,6,1,1,2008-01-20
30.9833,239.56475,5.519027777777778,0.085,0.0,376.0,10447.0,1440,100.0,0,1,0,2008-01-21
38.7503,240.09477777777778,6.92875,0.09962638888888888,4670.0,7640.0,7552.0,1440,100.0,1,1,0,2008-01-22
31.3718,240.90704861111112,5.520277777777777,0.07498888888888888,1116.0,387.0,13359.0,1440,100.0,2,1,0,2008-01-23
27.417033333333332,240.77922916666668,4.887916666666667,0.07243472222222222,1107.0,320.0,5935.0,1440,100.0,3,1,0,2008-01-24
37.33093333333333,240.70544444444445,6.544027777777777,0.08307361111111111,0.0,2421.0,11409.0,1440,100.0,4,1,0,2008-01-25
47.24980000000001,239.76020833333334,8.366666666666667,0.11695972222222221,4925.0,311.0,15606.0,1440,100.0,5,1,1,2008-01-26
39.6961,241.3036736111111,6.984861111111112,0.09774861111111112,3725.0,3818.0,7367.0,1440,100.0,6,1,1,2008-01-27
38.46993333333333,240.46677777777776,6.769583333333334,0.07488611111111111,1142.0,280.0,12792.0,1440,100.0,0,1,0,2008-01-28
44.6004,240.62310416666668,7.8422222222222215,0.08137222222222222,1487.0,6199.0,11077.0,1440,100.0,1,1,0,2008-01-29
27.3441,241.61465277777776,4.826388888888889,0.08088194444444444,0.0,261.0,7261.0,1440,100.0,2,1,0,2008-01-30
32.56536666666667,241.88574999999997,5.793333333333333,0.09553888888888888,1165.0,267.0,9437.0,1440,100.0,3,1,0,2008-01-31
25.577533333333335,240.36027083333332,4.5176388888888885,0.12447916666666667,336.0,280.0,7241.0,1440,100.0,4,2,0,2008-02-01
48.9339,240.29051424600416,8.649478804725504,0.16050590687977762,6247.0,2764.0,15188.0,1439,99.93055555555556,5,2,1,2008-02-02
34.7428,240.34072222222224,6.135694444444444,0.10674166666666667,2319.0,4435.0,8452.0,1440,100.0,6,2,1,2008-02-03
27.13563333333333,240.25520833333334,4.777222222222222,0.07224583333333334,1161.0,252.0,9531.0,1440,100.0,0,2,0,2008-02-04
41.2076,240.97691666666668,7.2105555555555565,0.10610138888888888,1098.0,7803.0,13717.0,1440,100.0,1,2,0,2008-02-05
27.825666666666667,238.41371527777778,4.9336111111111105,0.07934722222222222,2114.0,356.0,8428.0,1440,100.0,2,2,0,2008-02-06
25.305166666666665,241.07054861111112,4.439305555555555,0.07549027777777778,0.0,295.0,8089.0,1440,100.0,3,2,0,2008-02-07
32.50939999999999,240.43311805555555,5.747222222222222,0.08270416666666666,940.0,1921.0,9563.0,1440,100.0,4,2,0,2008-02-08
35.03793333333333,241.76450694444446,6.09,0.10036666666666666,2050.0,2838.0,10293.0,1440,100.0,5,2,1,2008-02-09
36.411899999999996,241.2752013888889,6.396805555555555,0.10537222222222221,2562.0,2955.0,10128.0,1440,100.0,6,2,1,2008-02-10
28.200266666666668,241.69219444444445,4.931805555555556,0.07100416666666666,1018.0,297.0,8930.0,1440,100.0,0,2,0,2008-02-11
33.12996666666667,239.50915277777779,5.847083333333333,0.09093472222222222,2009.0,1856.0,12138.0,1440,100.0,1,2,0,2008-02-12
31.674966666666666,241.20309722222223,5.5801388888888885,0.08922083333333333,2530.0,3615.0,7568.0,1440,100.0,2,2,0,2008-02-13
26.743699999999997,240.76481944444447,4.68375,0.07892083333333333,1300.0,291.0,9299.0,1440,100.0,3,2,0,2008-02-14
33.42013333333333,241.89060416666663,5.78125,0.07496666666666667,1109.0,1723.0,13417.0,1440,100.0,4,2,0,2008-02-15
39.11580000000001,241.08755555555555,6.893888888888889,0.09652361111111112,1076.0,2360.0,11599.0,1440,100.0,5,2,1,2008-02-16
32.2228,242.46983333333333,5.654444444444445,0.08338611111111112,3182.0,2257.0,6049.0,1440,100.0,6,2,1,2008-02-17
25.240066666666667,242.06393055555554,4.37625,0.07081388888888888,0.0,251.0,10345.0,1440,100.0,0,2,0,2008-02-18
35.44859999999999,241.01013194444445,6.219722222222222,0.09553333333333335,1881.0,4711.0,11200.0,1440,100.0,1,2,0,2008-02-19
37.56316666666667,241.66968749999998,6.608333333333333,0.13213055555555556,3655.0,5516.0,7704.0,1440,100.0,2,2,0,2008-02-20
27.230833333333333,240.7503888888889,4.788472222222222,0.07796805555555555,0.0,307.0,8523.0,1440,100.0,3,2,0,2008-02-21
28.876066666666663,241.43576388888889,5.055277777777778,0.08450555555555556,1167.0,1985.0,10101.0,1440,100.0,4,2,0,2008-02-22
30.56616666666667,239.67264255910987,5.411543810848401,0.09214464534075104,1684.0,2250.0,10040.0,1438,99.86111111111111,5,2,1,2008-02-23
21.050133333333335,240.37779861111113,3.638888888888889,0.07453611111111111,754.0,332.0,11447.0,1440,100.0,6,2,1,2008-02-24
8.408133333333334,239.77600694444445,1.4555555555555555,0.06369444444444444,0.0,321.0,1856.0,1440,100.0,0,2,0,2008-02-25
8.452,239.5333263888889,1.4590277777777778,0.058743055555555555,0.0,295.0,2013.0,1440,100.0,1,2,0,2008-02-26
9.445333333333334,239.5540208333333,1.6341666666666665,0.05983888888888889,0.0,326.0,2969.0,1440,100.0,2,2,0,2008-02-27
8.486400000000001,239.80427083333336,1.4669444444444446,0.05781111111111111,0.0,281.0,2028.0,1440,100.0,3,2,0,2008-02-28
22.222466666666666,238.03849305555556,3.872638888888889,0.06176944444444444,0.0,3773.0,8062.0,1440,100.0,4,2,0,2008-02-29
19.03126666666667,239.4315138888889,3.277638888888889,0.07302638888888889,0.0,1287.0,2724.0,1440,100.0,5,3,1,2008-03-01
19.37043333333333,239.74624305555557,3.425,0.10049305555555556,0.0,5244.0,2565.0,1440,100.0,6,3,1,2008-03-02
17.342499999999998,240.3519861111111,2.9775,0.07939861111111111,0.0,2207.0,1755.0,1440,100.0,0,3,0,2008-03-03
27.816499999999998,241.02641666666665,4.867638888888889,0.07566527777777778,1249.0,2443.0,9415.0,1440,100.0,1,3,0,2008-03-04
33.95346666666667,241.06524305555556,5.970833333333333,0.09784583333333333,1145.0,9797.0,5529.0,1440,100.0,2,3,0,2008-03-05
41.72013333333334,240.4292291666667,7.214583333333334,0.07373888888888888,1082.0,372.0,6965.0,1440,100.0,3,3,0,2008-03-06
31.049266666666668,240.81606944444445,5.441666666666666,0.08985555555555555,1235.0,3471.0,9033.0,1440,100.0,4,3,0,2008-03-07
37.477666666666664,241.59095138888887,6.588333333333334,0.1646388888888889,6286.0,346.0,8435.0,1440,100.0,5,3,1,2008-03-08
26.007633333333334,240.74638194444444,4.591111111111111,0.09414861111111111,2607.0,333.0,4155.0,1440,100.0,6,3,1,2008-03-09
26.978099999999994,241.72734722222222,4.7125,0.08828055555555556,2009.0,368.0,8660.0,1440,100.0,0,3,0,2008-03-10
36.66736666666667,240.4241527777778,6.466944444444445,0.10493055555555555,1271.0,3901.0,12936.0,1440,100.0,1,3,0,2008-03-11
29.570533333333334,241.05720833333334,5.1722222222222225,0.09596805555555554,1120.0,2374.0,11042.0,1440,100.0,2,3,0,2008-03-12
27.925233333333335,240.802625,4.941666666666666,0.08921805555555555,3263.0,3590.0,5464.0,1440,100.0,3,3,0,2008-03-13
36.836999999999996,240.62736805555554,6.44625,0.11093611111111111,980.0,3881.0,14476.0,1440,100.0,4,3,0,2008-03-14
26.27166666666667,240.19799305555554,4.6506944444444445,0.10723055555555557,2550.0,502.0,5910.0,1440,100.0,5,3,1,2008-03-15
30.032666666666668,241.29466666666667,5.298333333333334,0.12059166666666665,2394.0,566.0,11286.0,1440,100.0,6,3,1,2008-03-16
28.448633333333337,240.8052291666667,5.006944444444445,0.12171805555555555,236.0,6651.0,9346.0,1440,100.0,0,3,0,2008-03-17
31.95943333333333,241.9289861111111,5.571944444444445,0.10238888888888889,1156.0,4019.0,12544.0,1440,100.0,1,3,0,2008-03-18
21.807466666666663,242.40221527777777,3.825555555555556,0.09895694444444444,2110.0,411.0,6154.0,1440,100.0,2,3,0,2008-03-19
20.887900000000002,241.76258333333334,3.6595833333333334,0.08392638888888888,1107.0,478.0,6670.0,1440,100.0,3,3,0,2008-03-20
34.4407,241.36990972222222,6.038194444444445,0.15543333333333334,2171.0,4778.0,13275.0,1440,100.0,4,3,0,2008-03-21
34.22526666666667,241.61215277777777,6.020277777777778,0.12894444444444444,3322.0,588.0,12405.0,1440,100.0,5,3,1,2008-03-22
38.76649999999999,242.65262500000003,6.790555555555556,0.10586527777777778,6279.0,2112.0,13878.0,1440,100.0,6,3,1,2008-03-23
32.91113333333333,242.70725503822098,5.757887421820709,0.09107018763029882,1131.0,5988.0,7008.0,1439,99.93055555555556,0,3,0,2008-03-24
33.59760000000001,242.1382152777778,5.870555555555556,0.08877222222222222,2246.0,3677.0,13494.0,1440,100.0,1,3,0,2008-03-25
27.224533333333333,242.8097986111111,4.763055555555556,0.0927763888888889,2547.0,3831.0,7547.0,1440,100.0,2,3,0,2008-03-26
22.847033333333336,242.0955416666667,3.9608333333333334,0.0808611111111111,0.0,356.0,9022.0,1440,100.0,3,3,0,2008-03-27
31.423733333333335,242.32334027777776,5.479027777777778,0.09558333333333333,2325.0,3605.0,11581.0,1440,100.0,4,3,0,2008-03-28
41.18583333333333,241.2535486111111,7.209305555555555,0.121575,5153.0,375.0,17240.0,1440,100.0,5,3,1,2008-03-29
35.7732,241.16375694444443,6.2775,0.12220138888888889,5045.0,1315.0,9769.0,1440,100.0,6,3,1,2008-03-30
22.9595,242.72704166666668,4.005972222222223,0.09087500000000001,1091.0,411.0,9387.0,1440,100.0,0,3,0,2008-03-31
35.484199999999994,241.61580555555557,6.202500000000001,0.11833055555555555,1079.0,6657.0,14515.0,1440,100.0,1,4,0,2008-04-01
28.194533333333332,238.66715972222224,5.007638888888889,0.09898611111111111,1106.0,3674.0,7989.0,1440,100.0,2,4,0,2008-04-02
18.8126,240.69424305555557,3.2808333333333333,0.08419166666666666,0.0,422.0,6901.0,1440,100.0,3,4,0,2008-04-03
27.19863333333333,241.33105555555554,4.726388888888889,0.08701805555555556,2133.0,775.0,13246.0,1440,100.0,4,4,0,2008-04-04
32.84603333333333,240.55802777777777,5.784861111111112,0.14144722222222222,2929.0,874.0,13644.0,1440,100.0,5,4,1,2008-04-05
28.271966666666668,241.14960416666665,4.946388888888889,0.10456388888888889,1124.0,2615.0,7552.0,1440,100.0,6,4,1,2008-04-06
25.647300000000005,243.2283263888889,4.484166666666667,0.09811111111111111,2420.0,672.0,9466.0,1440,100.0,0,4,0,2008-04-07
44.291933333333326,242.06658333333334,7.6994444444444445,0.12789999999999999,2752.0,10713.0,17519.0,1440,100.0,1,4,0,2008-04-08
20.314199999999996,242.31770833333334,3.5229166666666667,0.09226666666666666,0.0,376.0,9003.0,1440,100.0,2,4,0,2008-04-09
24.6291,241.94904861111112,4.305416666666667,0.11366666666666667,3261.0,457.0,6527.0,1440,100.0,3,4,0,2008-04-10
31.294399999999996,240.758375,5.452638888888889,0.0999236111111111,1802.0,491.0,14522.0,1440,100.0,4,4,0,2008-04-11
46.66689999999999,241.0631736111111,8.218194444444444,0.2724111111111111,7076.0,2499.0,15225.0,1440,100.0,5,4,1,2008-04-12
37.216433333333335,240.4233263888889,6.551805555555556,0.14827361111111112,2554.0,5942.0,13007.0,1440,100.0,6,4,1,2008-04-13
26.493033333333333,242.31405555555554,4.604305555555555,0.10760972222222222,0.0,425.0,11197.0,1440,100.0,0,4,0,2008-04-14
27.8401,241.23874305555555,4.909583333333334,0.12415416666666668,1174.0,3998.0,9874.0,1440,100.0,1,4,0,2008-04-15
24.817733333333333,241.74438888888886,4.316111111111111,0.08743333333333334,838.0,403.0,11322.0,1440,100.0,2,4,0,2008-04-16
23.264366666666668,241.40359722222223,4.104305555555555,0.10130416666666665,1719.0,417.0,8638.0,1440,100.0,3,4,0,2008-04-17
31.03983333333333,240.6415763888889,5.457638888888889,0.12822638888888888,2174.0,3832.0,10921.0,1440,100.0,4,4,0,2008-04-18
37.56183333333333,241.14318055555555,6.636111111111111,0.1703361111111111,4319.0,2457.0,14722.0,1440,100.0,5,4,1,2008-04-19
29.85696666666667,241.43287500000002,5.260555555555555,0.15823194444444447,1030.0,4544.0,10401.0,1440,100.0,6,4,1,2008-04-20
19.4026,241.99249305555557,3.404166666666667,0.12180555555555556,0.0,2673.0,6788.0,1440,100.0,0,4,0,2008-04-21
27.12793333333333,240.95971527777778,4.7725,0.13413194444444446,971.0,5093.0,10603.0,1440,100.0,1,4,0,2008-04-22
22.622133333333334,241.51134027777778,3.9675,0.13159861111111112,1380.0,492.0,8406.0,1440,100.0,2,4,0,2008-04-23
17.3962,240.60532638888887,3.0580555555555557,0.11939166666666667,1263.0,522.0,5296.0,1440,100.0,3,4,0,2008-04-24
21.128899999999998,241.00715277777778,3.7,0.11265555555555555,824.0,2004.0,9400.0,1440,100.0,4,4,0,2008-04-25
15.052766666666665,240.79256249999997,2.634027777777778,0.11715,0.0,634.0,3586.0,1440,100.0,5,4,1,2008-04-26
16.804,240.90728472222222,2.96375,0.13758194444444444,693.0,588.0,5488.0,1440,100.0,6,4,1,2008-04-27
10.984199999999998,240.97845833333332,1.9506944444444445,0.11605416666666667,0.0,621.0,2786.0,1440,100.0,0,4,0,2008-04-28
32.876933333333334,240.70690277777777,5.770694444444444,0.14955277777777778,1402.0,5411.0,10481.0,1440,100.0,1,4,0,2008-04-29
18.362099999999998,241.43364583333334,3.218611111111111,0.11913611111111112,1057.0,590.0,6653.0,1440,100.0,2,4,0,2008-04-30
9.600233333333334,241.4462638888889,1.7023611111111112,0.10464999999999999,0.0,530.0,2586.0,1440,100.0,3,5,0,2008-05-01
24.9628,241.64894444444442,4.377777777777778,0.14275555555555555,3114.0,584.0,8687.0,1440,100.0,4,5,0,2008-05-02
21.493333333333332,240.8336875,3.8009722222222218,0.14028055555555555,996.0,541.0,6535.0,1440,100.0,5,5,1,2008-05-03
24.516166666666667,241.38047916666667,4.3625,0.14543194444444443,2196.0,2872.0,5464.0,1440,100.0,6,5,1,2008-05-04
22.782199999999996,240.73685416666666,3.997777777777778,0.12899305555555557,1008.0,378.0,10197.0,1440,100.0,0,5,0,2008-05-05
29.832999999999995,240.29031944444444,5.245972222222222,0.13860833333333333,1354.0,5410.0,12200.0,1440,100.0,1,5,0,2008-05-06
19.604400000000002,241.0812638888889,3.4575,0.13260833333333333,1030.0,423.0,6649.0,1440,100.0,2,5,0,2008-05-07
35.278299999999994,239.85129166666667,6.178472222222222,0.17586388888888888,3667.0,702.0,12717.0,1440,100.0,3,5,0,2008-05-08
29.121199999999998,240.47122222222222,5.136111111111111,0.15963472222222222,2229.0,423.0,11904.0,1440,100.0,4,5,0,2008-05-09
31.818800000000003,240.08622916666667,5.636388888888889,0.20125972222222224,6950.0,612.0,11714.0,1440,100.0,5,5,1,2008-05-10
26.848666666666663,240.48559722222222,4.804166666666666,0.1914597222222222,563.0,1340.0,6930.0,1440,100.0,6,5,1,2008-05-11
25.4034,241.041625,4.519444444444445,0.159125,2082.0,1085.0,11959.0,1440,100.0,0,5,0,2008-05-12
24.614899999999995,240.3740625,4.391805555555555,0.16421388888888888,823.0,4089.0,8370.0,1440,100.0,1,5,0,2008-05-13
26.404366666666668,240.7085138888889,4.713333333333333,0.19262083333333335,2467.0,3436.0,9716.0,1440,100.0,2,5,0,2008-05-14
19.379466666666666,240.35039583333335,3.5220833333333337,0.1650861111111111,868.0,570.0,6820.0,1440,100.0,3,5,0,2008-05-15
27.46716666666667,239.6202433936022,4.9222531293463145,0.16356189151599443,2228.0,2565.0,8955.0,1438,99.86111111111111,4,5,0,2008-05-16
27.624233333333333,239.4728611111111,4.951527777777778,0.19159444444444446,2158.0,935.0,12472.0,1440,100.0,5,5,1,2008-05-17
30.065966666666668,239.68268750000001,5.4094444444444445,0.17673055555555556,1775.0,5355.0,8626.0,1440,100.0,6,5,1,2008-05-18
17.171033333333337,240.43187500000002,3.0694444444444446,0.12203888888888888,1014.0,558.0,7503.0,1440,100.0,0,5,0,2008-05-19
26.355566666666665,241.01960416666665,4.682222222222222,0.12783472222222222,1352.0,2431.0,11977.0,1440,100.0,1,5,0,2008-05-20
22.068533333333335,240.7605138888889,3.9166666666666665,0.13217083333333332,1989.0,474.0,9251.0,1440,100.0,2,5,0,2008-05-21
16.281133333333333,239.50019444444447,2.9559722222222224,0.11792777777777778,996.0,440.0,6475.0,1440,100.0,3,5,0,2008-05-22
24.748600000000003,239.49885416666666,4.358611111111111,0.1242763888888889,0.0,1390.0,14734.0,1440,100.0,4,5,0,2008-05-23
26.336266666666667,240.72490277777777,4.669027777777777,0.1982986111111111,1027.0,569.0,12833.0,1440,100.0,5,5,1,2008-05-24
34.141733333333335,239.94564583333332,6.136527777777778,0.2016777777777778,4307.0,8811.0,6016.0,1440,100.0,6,5,1,2008-05-25
21.495166666666666,240.36368750000003,3.9297222222222223,0.1532625,985.0,666.0,9284.0,1440,100.0,0,5,0,2008-05-26
28.478333333333335,239.39086805555553,5.1073611111111115,0.1440736111111111,0.0,5352.0,11478.0,1440,100.0,1,5,0,2008-05-27
18.572866666666663,241.32269444444444,3.3505555555555557,0.16364166666666666,3138.0,512.0,6709.0,1440,100.0,2,5,0,2008-05-28
18.917933333333334,237.67515972222222,3.4756944444444446,0.12974444444444444,1004.0,507.0,8703.0,1440,100.0,3,5,0,2008-05-29
23.2874,240.55369444444446,4.202916666666667,0.12654027777777777,0.0,3019.0,11298.0,1440,100.0,4,5,0,2008-05-30
27.35783333333333,240.65420138888888,4.923055555555555,0.17355833333333334,1764.0,2328.0,11858.0,1440,100.0,5,5,1,2008-05-31
30.814599999999995,240.62318055555556,5.423194444444444,0.1564861111111111,1906.0,545.0,11307.0,1440,100.0,6,6,1,2008-06-01
17.9002,236.369875,3.2180555555555554,0.11469305555555555,960.0,558.0,6341.0,1440,100.0,0,6,0,2008-06-02
26.630266666666667,234.15220833333333,4.844166666666667,0.12079027777777777,2897.0,2608.0,9265.0,1440,100.0,1,6,0,2008-06-03
26.481866666666665,234.70647222222223,4.8277777777777775,0.1058361111111111,1550.0,7682.0,6508.0,1440,100.0,2,6,0,2008-06-04
18.667966666666665,235.16382638888888,3.3976388888888893,0.1063236111111111,1747.0,506.0,8781.0,1440,100.0,3,6,0,2008-06-05
20.295233333333332,239.7169375,3.6720833333333336,0.12119444444444445,1009.0,506.0,7871.0,1440,100.0,4,6,0,2008-06-06
31.374733333333335,238.98444444444442,5.531944444444444,0.12945416666666665,2379.0,2611.0,14593.0,1440,100.0,5,6,1,2008-06-07
25.70536666666667,239.96493750000002,4.596111111111111,0.1308222222222222,2536.0,3161.0,9732.0,1440,100.0,6,6,1,2008-06-08
22.094966666666668,239.43468055555556,4.039722222222222,0.12752777777777777,1967.0,2085.0,7921.0,1440,100.0,0,6,0,2008-06-09
17.784833333333335,239.97804861111112,3.204861111111111,0.1500125,907.0,585.0,8992.0,1440,100.0,1,6,0,2008-06-10
18.7201,240.1544722222222,3.388472222222222,0.14886944444444444,977.0,842.0,7566.0,1440,100.0,2,6,0,2008-06-11
20.988866666666663,239.69002083333334,3.7993055555555557,0.13145277777777778,1951.0,567.0,7246.0,1440,100.0,3,6,0,2008-06-12
31.238000000000003,238.88760250173732,5.60597637248089,0.19584155663655314,2809.0,7358.0,10531.0,1439,99.93055555555556,4,6,0,2008-06-13
23.082,240.01449305555556,4.207777777777777,0.23908333333333334,1862.0,1011.0,10681.0,1440,100.0,5,6,1,2008-06-14
38.1517,239.45372916666668,6.773611111111111,0.19514305555555558,6471.0,6802.0,11589.0,1440,100.0,6,6,1,2008-06-15
21.7174,240.43346527777777,3.9047222222222224,0.14193194444444446,1980.0,464.0,10012.0,1440,100.0,0,6,0,2008-06-16
19.084733333333336,240.35443055555555,3.4345833333333333,0.12185,1080.0,432.0,10094.0,1440,100.0,1,6,0,2008-06-17
31.560133333333333,239.73986805555555,5.711388888888889,0.18939166666666665,7549.0,3040.0,12687.0,1440,100.0,2,6,0,2008-06-18
26.468033333333334,239.2726875,4.737916666666667,0.13154027777777777,3411.0,1514.0,10911.0,1440,100.0,3,6,0,2008-06-19
27.935066666666664,239.9391875,5.008194444444444,0.15793055555555555,2948.0,2935.0,12417.0,1440,100.0,4,6,0,2008-06-20
28.90423333333333,239.46340972222222,5.134166666666666,0.16599166666666665,940.0,5823.0,12828.0,1440,100.0,5,6,1,2008-06-21
26.106933333333338,239.04411805555557,4.674027777777778,0.20426666666666668,4705.0,1175.0,10652.0,1440,100.0,6,6,1,2008-06-22
20.863266666666664,238.93765277777777,3.7919444444444443,0.14649722222222222,2600.0,581.0,10124.0,1440,100.0,0,6,0,2008-06-23
29.240866666666665,237.91538888888888,5.262222222222222,0.17570972222222223,2779.0,3489.0,14271.0,1440,100.0,1,6,0,2008-06-24
21.0295,238.89490277777776,3.9109722222222225,0.2018236111111111,2773.0,569.0,9402.0,1440,100.0,2,6,0,2008-06-25
17.60033333333333,239.3514027777778,3.2111111111111112,0.15098194444444443,921.0,572.0,8971.0,1440,100.0,3,6,0,2008-06-26
29.252533333333336,238.9349861111111,5.236666666666666,0.18195,4159.0,2372.0,10163.0,1440,100.0,4,6,0,2008-06-27
20.14666666666667,239.14238194444445,3.6859722222222224,0.14649583333333333,0.0,2000.0,7932.0,1440,100.0,5,6,1,2008-06-28
12.489199999999999,240.16064583333335,2.3311111111111114,0.12754444444444443,955.0,535.0,3896.0,1440,100.0,6,6,1,2008-06-29
13.403266666666667,240.37611805555554,2.4791666666666665,0.1316152777777778,0.0,521.0,6819.0,1440,100.0,0,6,0,2008-06-30
20.253999999999998,239.5402916666667,3.74,0.19290833333333335,3465.0,587.0,8390.0,1440,100.0,1,7,0,2008-07-01
19.120033333333335,238.96197916666668,3.569583333333333,0.18509583333333335,962.0,650.0,7002.0,1440,100.0,2,7,0,2008-07-02
18.306,239.63549305555554,3.3431944444444444,0.1484361111111111,958.0,2569.0,7410.0,1440,100.0,3,7,0,2008-07-03
15.700333333333333,240.1796527777778,2.8283333333333336,0.13064722222222222,0.0,589.0,8302.0,1440,100.0,4,7,0,2008-07-04
24.4848,239.56477083333334,4.386527777777778,0.15609722222222222,1875.0,6754.0,8365.0,1440,100.0,5,7,1,2008-07-05
30.084400000000002,240.59022916666666,5.359444444444445,0.1760986111111111,4258.0,5230.0,7536.0,1440,100.0,6,7,1,2008-07-06
16.389833333333332,239.63371527777778,2.968611111111111,0.14084027777777777,2171.0,592.0,7149.0,1440,100.0,0,7,0,2008-07-07
18.770233333333334,239.700625,3.371388888888889,0.13633194444444446,991.0,503.0,7592.0,1440,100.0,1,7,0,2008-07-08
15.321966666666667,240.3295763888889,2.7752777777777777,0.13314166666666666,951.0,499.0,7352.0,1440,100.0,2,7,0,2008-07-09
20.854599999999998,239.86775694444444,3.7434722222222225,0.1668347222222222,982.0,552.0,8186.0,1440,100.0,3,7,0,2008-07-10
20.903599999999997,239.5169097222222,3.782222222222222,0.17433055555555554,724.0,558.0,9251.0,1440,100.0,4,7,0,2008-07-11
22.147533333333335,240.05927777777777,4.050416666666667,0.18480833333333335,4436.0,2617.0,7231.0,1440,100.0,5,7,1,2008-07-12
20.895899999999997,240.29121696801113,3.769123783031989,0.11606954102920722,1671.0,3164.0,7056.0,1438,99.86111111111111,6,7,1,2008-07-13
18.965433333333333,240.4941875,3.431666666666667,0.14560277777777778,2564.0,1995.0,6436.0,1440,100.0,0,7,0,2008-07-14
19.264333333333333,239.78144444444447,3.435694444444444,0.13259444444444446,968.0,552.0,8585.0,1440,100.0,1,7,0,2008-07-15
17.95103333333333,240.59338194444442,3.2368055555555557,0.14337638888888887,1537.0,2799.0,4978.0,1440,100.0,2,7,0,2008-07-16
21.985366666666664,239.91703472222224,4.026666666666666,0.1663236111111111,1122.0,723.0,8280.0,1440,100.0,3,7,0,2008-07-17
21.0264,239.5771875,3.736944444444444,0.1358375,1143.0,552.0,9260.0,1440,100.0,4,7,0,2008-07-18
22.400233333333336,239.15111805555554,4.019722222222222,0.1444652777777778,2941.0,3146.0,7676.0,1440,100.0,5,7,1,2008-07-19
15.692233333333332,239.77769444444445,2.836388888888889,0.11984444444444443,1943.0,1076.0,5457.0,1440,100.0,6,7,1,2008-07-20
19.274633333333334,239.10169444444443,3.482083333333333,0.11975694444444443,1698.0,431.0,9189.0,1440,100.0,0,7,0,2008-07-21
12.337366666666666,239.67030555555556,2.272638888888889,0.11189444444444445,0.0,430.0,4886.0,1440,100.0,1,7,0,2008-07-22
15.710499999999998,240.09611805555554,2.8494444444444444,0.11277222222222222,1233.0,454.0,6325.0,1440,100.0,2,7,0,2008-07-23
18.22416666666667,239.8837638888889,3.2215277777777778,0.12908472222222223,837.0,476.0,8344.0,1440,100.0,3,7,0,2008-07-24
14.425566666666667,239.0572152777778,2.618333333333333,0.12688472222222222,1168.0,492.0,6731.0,1440,100.0,4,7,0,2008-07-25
13.594733333333334,240.02869444444445,2.4944444444444445,0.1481375,0.0,948.0,6243.0,1440,100.0,5,7,1,2008-07-26
19.123266666666666,238.4711597222222,3.5125,0.1619013888888889,1063.0,858.0,8385.0,1440,100.0,6,7,1,2008-07-27
13.7634,239.99369444444443,2.5743055555555556,0.13785694444444446,0.0,509.0,5963.0,1440,100.0,0,7,0,2008-07-28
19.442633333333333,240.24888194444446,3.6408333333333336,0.1447111111111111,1571.0,530.0,5802.0,1440,100.0,1,7,0,2008-07-29
21.665133333333337,239.08559027777778,4.065138888888889,0.1580111111111111,2548.0,773.0,6278.0,1440,100.0,2,7,0,2008-07-30
23.21063333333333,240.09567361111112,4.231805555555556,0.16908055555555557,1533.0,2808.0,7588.0,1440,100.0,3,7,0,2008-07-31
12.326266666666665,239.8054375,2.3279166666666664,0.1754888888888889,586.0,1150.0,5091.0,1440,100.0,4,8,0,2008-08-01
8.4296,239.12872916666666,1.5879166666666666,0.12381527777777779,0.0,504.0,3803.0,1440,100.0,5,8,1,2008-08-02
8.413033333333333,237.0544375,1.5766666666666667,0.11531388888888888,0.0,499.0,3926.0,1440,100.0,6,8,1,2008-08-03
18.765333333333334,237.86346073662267,3.4172341904100065,0.1345517720639333,596.0,4677.0,4410.0,1439,99.93055555555556,0,8,0,2008-08-04
13.7853,238.73645833333333,2.5059722222222223,0.1251722222222222,635.0,509.0,7118.0,1440,100.0,1,8,0,2008-08-05
5.435199999999999,240.56582638888887,1.0904166666666666,0.1489611111111111,0.0,513.0,2215.0,1440,100.0,2,8,0,2008-08-06
5.5814,239.3123263888889,1.1206944444444444,0.1492638888888889,0.0,526.0,2357.0,1440,100.0,3,8,0,2008-08-07
5.036666666666666,239.45654166666665,1.0055555555555555,0.13642222222222222,0.0,481.0,1980.0,1440,100.0,4,8,0,2008-08-08
5.982066666666666,240.71045833333332,1.1602777777777777,0.13888194444444446,0.0,489.0,1902.0,1440,100.0,5,8,1,2008-08-09
5.8671999999999995,240.2648888888889,1.1225,0.1313236111111111,0.0,464.0,1905.0,1440,100.0,6,8,1,2008-08-10
6.1986,240.7183263888889,1.1706944444444445,0.13029166666666667,0.0,489.0,1880.0,1440,100.0,0,8,0,2008-08-11
4.8164,240.04828472222223,0.9534722222222223,0.12989027777777779,0.0,462.0,1844.0,1440,100.0,1,8,0,2008-08-12
4.709733333333334,240.87151388888887,0.9315277777777778,0.1276638888888889,0.0,451.0,1789.0,1440,100.0,2,8,0,2008-08-13
4.504300000000001,241.14088194444443,0.885,0.1235875,0.0,441.0,1641.0,1440,100.0,3,8,0,2008-08-14
4.5609,241.15816666666666,0.8959722222222223,0.12373472222222222,0.0,439.0,1691.0,1440,100.0,4,8,0,2008-08-15
4.580233333333333,242.09534722222222,0.8994444444444445,0.12616527777777778,0.0,442.0,1688.0,1440,100.0,5,8,1,2008-08-16
4.579933333333333,241.18345138888887,0.8977777777777778,0.12466388888888888,0.0,445.0,1710.0,1440,100.0,6,8,1,2008-08-17
4.562633333333334,241.35584027777776,0.8943055555555556,0.12367916666666667,0.0,440.0,1719.0,1440,100.0,0,8,0,2008-08-18
4.5782,240.8947361111111,0.9033333333333333,0.12543194444444444,0.0,442.0,1697.0,1440,100.0,1,8,0,2008-08-19
4.474533333333334,241.54370833333334,0.8833333333333333,0.12365555555555555,0.0,437.0,1626.0,1440,100.0,2,8,0,2008-08-20
4.354966666666667,240.29566666666668,0.8497222222222222,0.11734166666666668,0.0,432.0,1577.0,1440,100.0,3,8,0,2008-08-21
4.452066666666666,240.88224305555556,0.8720833333333333,0.12128749999999999,0.0,438.0,1614.0,1440,100.0,4,8,0,2008-08-22
4.244033333333333,242.14265972222222,0.8308333333333334,0.11765416666666667,0.0,419.0,1485.0,1440,100.0,5,8,1,2008-08-23
4.245266666666667,241.61341666666667,0.8263888888888888,0.11382638888888888,0.0,404.0,1523.0,1440,100.0,6,8,1,2008-08-24
4.171633333333333,241.47397222222224,0.8083333333333333,0.11379861111111111,0.0,422.0,1436.0,1440,100.0,0,8,0,2008-08-25
4.2927333333333335,241.11954861111113,0.8372222222222222,0.11567083333333333,0.0,420.0,1533.0,1440,100.0,1,8,0,2008-08-26
4.301900000000001,240.57646527777777,0.8331944444444445,0.1151888888888889,0.0,399.0,1539.0,1440,100.0,2,8,0,2008-08-27
4.470766666666666,240.54265277777776,0.875,0.12090138888888889,0.0,432.0,1631.0,1440,100.0,3,8,0,2008-08-28
4.4597999999999995,240.33545138888888,0.875,0.11887916666666667,0.0,430.0,1599.0,1440,100.0,4,8,0,2008-08-29
4.507066666666666,240.51399305555557,0.88625,0.12329999999999999,0.0,435.0,1619.0,1440,100.0,5,8,1,2008-08-30
25.01023333333333,240.01763724808896,4.450312717164698,0.14622515635858235,2056.0,3733.0,12117.0,1439,99.93055555555556,6,8,1,2008-08-31
20.791833333333333,239.9159097222222,3.7325,0.12811527777777776,950.0,521.0,10183.0,1440,100.0,0,9,0,2008-09-01
23.069233333333333,239.3289652777778,4.141527777777778,0.15599583333333333,4273.0,1206.0,6648.0,1440,100.0,1,9,0,2008-09-02
23.14143333333333,240.0294583333333,4.118611111111111,0.12450555555555556,1326.0,1902.0,10213.0,1440,100.0,2,9,0,2008-09-03
20.42033333333333,238.66349305555556,3.6547222222222224,0.10546666666666665,2225.0,404.0,9408.0,1440,100.0,3,9,0,2008-09-04
14.566,239.59059027777778,2.6055555555555556,0.10224722222222221,379.0,431.0,6943.0,1440,100.0,4,9,0,2008-09-05
31.142899999999997,239.33977777777778,5.524444444444445,0.16548055555555555,2948.0,6500.0,13400.0,1440,100.0,5,9,1,2008-09-06
22.877599999999997,240.58868750000002,4.080833333333333,0.12253055555555555,3612.0,1707.0,5976.0,1440,100.0,6,9,1,2008-09-07
21.822066666666668,241.3818263888889,3.8533333333333335,0.11150972222222223,747.0,2293.0,9559.0,1440,100.0,0,9,0,2008-09-08
19.327566666666666,239.78166666666664,3.4644444444444447,0.12546527777777777,236.0,453.0,7728.0,1440,100.0,1,9,0,2008-09-09
21.6794,239.48058333333333,3.8575,0.1155763888888889,1009.0,399.0,10281.0,1440,100.0,2,9,0,2008-09-10
17.145233333333334,239.09980555555555,3.080277777777778,0.13335972222222223,1005.0,417.0,7644.0,1440,100.0,3,9,0,2008-09-11
23.212699999999998,239.9683125,4.144583333333333,0.12381805555555556,1867.0,402.0,8738.0,1440,100.0,4,9,0,2008-09-12
27.1906,240.1245486111111,4.820138888888889,0.1293,930.0,5433.0,11807.0,1440,100.0,5,9,1,2008-09-13
26.272100000000002,239.8889861111111,4.734999999999999,0.13454583333333334,4673.0,445.0,6538.0,1440,100.0,6,9,1,2008-09-14
28.295133333333336,240.25590972222224,5.071805555555556,0.09452638888888888,960.0,364.0,10322.0,1440,100.0,0,9,0,2008-09-15
20.36436666666667,240.94875000000002,3.6193055555555556,0.108375,0.0,368.0,8249.0,1440,100.0,1,9,0,2008-09-16
25.32016666666667,240.6566736111111,4.489722222222222,0.12303333333333334,1910.0,3727.0,9371.0,1440,100.0,2,9,0,2008-09-17
25.088166666666666,240.3271388888889,4.447361111111111,0.1315111111111111,4202.0,357.0,7991.0,1440,100.0,3,9,0,2008-09-18
25.3141,240.3571111111111,4.47875,0.11581111111111111,1569.0,351.0,12367.0,1440,100.0,4,9,0,2008-09-19
21.743333333333332,240.59411805555558,3.8055555555555554,0.108475,0.0,370.0,12477.0,1440,100.0,5,9,1,2008-09-20
25.55116666666667,240.94015972222223,4.560277777777778,0.1432375,4010.0,2381.0,8347.0,1440,100.0,6,9,1,2008-09-21
22.642733333333336,240.2091597222222,4.012638888888889,0.105225,1014.0,2448.0,10227.0,1440,100.0,0,9,0,2008-09-22
20.546466666666667,240.18336111111108,3.6841666666666666,0.11467222222222223,0.0,2168.0,7920.0,1440,100.0,1,9,0,2008-09-23
28.639166666666664,240.1257916666667,5.031666666666667,0.12046666666666667,2019.0,4730.0,10548.0,1440,100.0,2,9,0,2008-09-24
18.853666666666665,240.2903263888889,3.34375,0.12067361111111112,1012.0,751.0,8485.0,1440,100.0,3,9,0,2008-09-25
23.857499999999998,240.39362500000001,4.239583333333333,0.146925,1221.0,370.0,10890.0,1440,100.0,4,9,0,2008-09-26
35.457433333333334,240.14647916666667,6.258611111111111,0.17850000000000002,4347.0,2584.0,12688.0,1440,100.0,5,9,1,2008-09-27
28.851733333333335,240.27841666666666,5.079583333333334,0.11386666666666666,1920.0,385.0,11242.0,1440,100.0,6,9,1,2008-09-28
25.028966666666665,240.26402083333335,4.4094444444444445,0.13849444444444445,1014.0,363.0,10677.0,1440,100.0,0,9,0,2008-09-29
22.916766666666664,240.58377083333335,4.0247222222222225,0.10770277777777779,998.0,360.0,7415.0,1440,100.0,1,9,0,2008-09-30
31.20606666666667,241.12861111111113,5.482083333333334,0.12587222222222222,2249.0,5800.0,10808.0,1440,100.0,2,10,0,2008-10-01
22.42236666666667,240.32824305555553,3.948611111111111,0.10671944444444444,0.0,367.0,9060.0,1440,100.0,3,10,0,2008-10-02
26.87633333333333,239.84200694444445,4.745694444444444,0.11013750000000001,4801.0,349.0,9432.0,1440,100.0,4,10,0,2008-10-03
35.00826666666667,240.1744027777778,6.144861111111111,0.15013888888888888,3462.0,629.0,12573.0,1440,100.0,5,10,1,2008-10-04
25.832499999999996,240.13754166666666,4.534166666666667,0.10159444444444445,990.0,3257.0,6071.0,1440,100.0,6,10,1,2008-10-05
23.7297,239.1190763888889,4.216388888888889,0.08694722222222222,990.0,286.0,9562.0,1440,100.0,0,10,0,2008-10-06
28.77613333333333,238.85286805555555,5.166111111111111,0.1300236111111111,1016.0,419.0,9476.0,1440,100.0,1,10,0,2008-10-07
31.0096,240.0490138888889,5.43125,0.10584027777777777,1044.0,5126.0,11650.0,1440,100.0,2,10,0,2008-10-08
33.06136666666667,239.2754236111111,5.812361111111111,0.12631944444444446,1032.0,3064.0,11652.0,1440,100.0,3,10,0,2008-10-09
25.305633333333333,239.63485416666666,4.436805555555556,0.10280833333333333,0.0,389.0,12046.0,1440,100.0,4,10,0,2008-10-10
27.8231,239.18261805555554,4.905972222222222,0.10753333333333334,2144.0,2335.0,11373.0,1440,100.0,5,10,1,2008-10-11
31.798999999999996,240.15154166666665,5.615138888888889,0.11236527777777779,2561.0,5822.0,7171.0,1440,100.0,6,10,1,2008-10-12
24.366266666666668,240.80942361111113,4.254305555555556,0.10270416666666667,1037.0,535.0,9483.0,1440,100.0,0,10,0,2008-10-13
26.817600000000002,239.21572916666668,4.730138888888889,0.1140875,1177.0,442.0,9939.0,1440,100.0,1,10,0,2008-10-14
35.94826666666666,239.5067916666667,6.328194444444445,0.1169875,1998.0,7042.0,9984.0,1440,100.0,2,10,0,2008-10-15
26.394666666666662,239.26284722222223,4.66125,0.09502777777777778,951.0,429.0,8438.0,1440,100.0,3,10,0,2008-10-16
31.114766666666664,240.047625,5.475833333333333,0.1066125,2036.0,3187.0,9639.0,1440,100.0,4,10,0,2008-10-17
37.319833333333335,239.83543055555558,6.547083333333333,0.11293611111111113,799.0,1655.0,12146.0,1440,100.0,5,10,1,2008-10-18
32.865566666666666,240.04254861111113,5.805277777777778,0.12610833333333332,698.0,8010.0,4600.0,1440,100.0,6,10,1,2008-10-19
27.79256666666667,240.43249305555554,4.860277777777778,0.09570277777777779,844.0,2648.0,10475.0,1440,100.0,0,10,0,2008-10-20
34.39526666666667,239.7306875,6.080833333333333,0.10579444444444444,857.0,2663.0,11331.0,1440,100.0,1,10,0,2008-10-21
27.433499999999995,240.8157638888889,4.836944444444445,0.1037111111111111,662.0,2542.0,8487.0,1440,100.0,2,10,0,2008-10-22
30.508233333333333,240.39904166666668,5.374583333333333,0.11195,815.0,1435.0,10587.0,1440,100.0,3,10,0,2008-10-23
35.55376666666667,240.41369444444442,6.266944444444444,0.1166763888888889,7893.0,2277.0,10284.0,1440,100.0,4,10,0,2008-10-24
25.385933333333334,240.9600286327845,4.554760200429492,0.07962634216177523,737.0,394.0,13433.0,1397,97.01388888888889,5,10,1,2008-10-25
8.724866666666665,242.12346527777777,1.4991666666666668,0.08022916666666667,0.0,360.0,2013.0,1440,100.0,6,10,1,2008-10-26
8.731533333333335,242.22805555555558,1.5091666666666665,0.08956805555555557,0.0,402.0,1967.0,1440,100.0,0,10,0,2008-10-27
22.1215,241.32679166666668,3.8531944444444446,0.10074722222222222,2263.0,362.0,5090.0,1440,100.0,1,10,0,2008-10-28
26.876266666666663,241.78959722222223,4.604305555555555,0.09255694444444446,1037.0,345.0,4015.0,1440,100.0,2,10,0,2008-10-29
18.31,242.08329166666667,3.2733333333333334,0.08543611111111112,0.0,345.0,2619.0,1440,100.0,3,10,0,2008-10-30
21.430533333333333,241.32977083333333,3.7663888888888892,0.07246388888888888,0.0,312.0,10483.0,1440,100.0,4,10,0,2008-10-31
13.841633333333334,241.8102361111111,2.6256944444444446,0.07893888888888889,0.0,344.0,1939.0,1440,100.0,5,11,1,2008-11-01
15.1769,242.15574305555558,2.864027777777778,0.0836611111111111,0.0,346.0,2824.0,1440,100.0,6,11,1,2008-11-02
14.126666666666665,241.76511805555558,2.665,0.08003333333333333,963.0,347.0,1892.0,1440,100.0,0,11,0,2008-11-03
26.038599999999995,240.80244444444446,4.6523611111111105,0.08435833333333333,0.0,6214.0,4106.0,1440,100.0,1,11,0,2008-11-04
52.24883333333334,239.48077083333334,9.239166666666666,0.17904166666666665,7597.0,10409.0,8362.0,1440,100.0,2,11,0,2008-11-05
26.47396666666667,240.39021527777777,4.726666666666667,0.12601944444444443,1033.0,430.0,6734.0,1440,100.0,3,11,0,2008-11-06
26.986399999999996,239.75178472222223,4.754583333333334,0.07638055555555555,1032.0,389.0,10421.0,1440,100.0,4,11,0,2008-11-07
28.88563333333333,239.30802777777777,5.104722222222223,0.09247777777777778,1114.0,3271.0,6069.0,1440,100.0,5,11,1,2008-11-08
42.975633333333334,238.45406944444443,7.620972222222223,0.1464902777777778,6301.0,661.0,14348.0,1440,100.0,6,11,1,2008-11-09
34.86466666666666,239.65224546722456,6.177545327754533,0.10843096234309624,1023.0,355.0,10285.0,1434,99.58333333333333,0,11,0,2008-11-10
40.932500000000005,239.87869444444445,7.183333333333334,0.08894444444444445,2475.0,2288.0,14651.0,1440,100.0,1,11,0,2008-11-11
36.44156666666667,240.38696105702365,6.348678720445062,0.110442280945758,1066.0,2712.0,9430.0,1438,99.86111111111111,2,11,0,2008-11-12
20.641000000000002,241.59792361111113,3.627222222222222,0.08710000000000001,0.0,338.0,6315.0,1440,100.0,3,11,0,2008-11-13
27.02896666666667,241.02181944444445,4.7555555555555555,0.08881527777777778,2092.0,325.0,9929.0,1440,100.0,4,11,0,2008-11-14
50.52713333333334,238.63411805555555,8.963194444444444,0.11469444444444445,3952.0,3799.0,15635.0,1440,100.0,5,11,1,2008-11-15
39.42386666666666,240.4941388888889,6.919027777777777,0.11328472222222222,4791.0,1829.0,8945.0,1440,100.0,6,11,1,2008-11-16
25.393933333333333,241.13493055555554,4.412083333333333,0.08255138888888888,0.0,378.0,10590.0,1440,100.0,0,11,0,2008-11-17
29.150833333333335,239.90204166666666,5.141805555555555,0.09672361111111112,1079.0,369.0,11204.0,1440,100.0,1,11,0,2008-11-18
30.67063333333333,240.53961805555554,5.412916666666667,0.11559166666666666,1737.0,3026.0,8704.0,1440,100.0,2,11,0,2008-11-19
28.205600000000004,239.81811805555557,4.984444444444445,0.08416111111111112,1034.0,347.0,7732.0,1440,100.0,3,11,0,2008-11-20
27.898833333333336,239.9283333333333,4.946527777777778,0.08857916666666667,1039.0,348.0,10396.0,1440,100.0,4,11,0,2008-11-21
28.5228,239.7318125,5.049583333333333,0.08671388888888888,1093.0,882.0,8320.0,1440,100.0,5,11,1,2008-11-22
56.7554,239.14946490618487,10.051146629603892,0.14381097984711605,3631.0,8823.0,10272.0,1439,99.93055555555556,6,11,1,2008-11-23
53.54996666666667,240.3594861111111,9.285416666666666,0.08445694444444445,1063.0,510.0,13378.0,1440,100.0,0,11,0,2008-11-24
45.04750000000001,240.93060416666668,7.823888888888889,0.10455833333333332,3010.0,345.0,10471.0,1440,100.0,1,11,0,2008-11-25
25.265899999999995,242.40089583333332,4.356388888888889,0.08333055555555555,909.0,304.0,10002.0,1440,100.0,2,11,0,2008-11-26
39.3703,241.4400138888889,6.841111111111112,0.08765138888888889,2491.0,330.0,12440.0,1440,100.0,3,11,0,2008-11-27
31.43273333333333,243.06651388888892,5.409583333333334,0.0891847222222222,1113.0,295.0,11361.0,1440,100.0,4,11,0,2008-11-28
40.5778,241.24075694444446,7.0536111111111115,0.11563194444444444,5268.0,2392.0,12386.0,1440,100.0,5,11,1,2008-11-29
40.023133333333334,242.3745625,6.955555555555556,0.11868333333333334,1161.0,3481.0,11474.0,1440,100.0,6,11,1,2008-11-30
26.9423,243.4458402777778,4.758472222222222,0.08241527777777778,1085.0,309.0,9013.0,1440,100.0,0,12,0,2008-12-01
29.890733333333333,243.37936805555555,5.215138888888889,0.10132499999999998,0.0,304.0,11343.0,1440,100.0,1,12,0,2008-12-02
29.252733333333328,243.38372916666668,5.069583333333333,0.0866125,1137.0,302.0,9664.0,1440,100.0,2,12,0,2008-12-03
28.9773,243.46313888888886,5.02375,0.07915972222222221,1085.0,281.0,11314.0,1440,100.0,3,12,0,2008-12-04
34.310300000000005,242.9759097222222,5.967638888888889,0.08335138888888889,831.0,310.0,9852.0,1440,100.0,4,12,0,2008-12-05
42.06393333333334,241.13656250000003,7.358333333333333,0.13065555555555555,4005.0,5749.0,9048.0,1440,100.0,5,12,1,2008-12-06
41.11233333333334,242.23854166666666,7.157361111111111,0.12515555555555555,3294.0,310.0,13627.0,1440,100.0,6,12,1,2008-12-07
31.143933333333333,243.73161805555557,5.383194444444444,0.08387638888888889,1117.0,296.0,13256.0,1440,100.0,0,12,0,2008-12-08
33.38573333333333,243.5556527777778,5.757638888888889,0.092025,1985.0,2553.0,12886.0,1440,100.0,1,12,0,2008-12-09
35.18366666666667,243.50085401459853,6.369489051094891,0.10000437956204379,1128.0,4144.0,10889.0,1370,95.13888888888889,2,12,0,2008-12-10
23.875366666666665,243.41836111111112,4.121944444444445,0.07980277777777778,1160.0,273.0,7979.0,1440,100.0,3,12,0,2008-12-11
30.258899999999997,243.04302083333334,5.221666666666667,0.09676527777777778,1157.0,255.0,12154.0,1440,100.0,4,12,0,2008-12-12
29.322166666666664,241.29109314857584,5.681139337952271,0.11642956120092378,2186.0,227.0,9271.0,1299,90.20833333333333,5,12,1,2008-12-13
