date,daily_kwh,coverage_pct
2006-12-23,79.55643333333335,100.0
2007-02-03,67.16203333333334,100.0
2006-12-26,65.5685,100.0
2007-02-18,63.82936666666667,100.0
2007-02-04,59.93233333333333,100.0
2007-02-11,59.52046666666667,100.0
2007-03-31,58.49183333333334,100.0
2006-12-31,58.2366,100.0
2007-03-11,58.0106,100.0
2007-01-21,56.7877,100.0
2008-11-23,56.7554,99.93055555555556
2006-12-17,56.507666666666665,100.0
2007-02-22,56.15796666666667,99.86111111111111
2007-03-25,55.602066666666666,99.93055555555556
2007-12-29,54.982600000000005,100.0
2007-01-04,54.32353333333333,100.0
2008-11-24,53.54996666666667,100.0
2007-01-13,53.11356666666666,100.0
2006-12-29,52.90653333333333,100.0
2007-02-20,52.4988,100.0
2007-12-01,52.24903333333332,100.0
2008-11-05,52.24883333333334,100.0
2007-01-20,52.22886666666667,100.0
2007-12-28,51.8842,100.0
2007-01-28,51.50339999999999,99.93055555555556
2008-11-15,50.52713333333334,100.0
2007-01-14,50.13026666666667,99.93055555555556
2007-01-24,49.79756666666667,100.0
2007-03-24,49.47383333333333,100.0
2007-12-02,49.10313333333333,100.0
2008-02-02,48.9339,99.93055555555556
2008-01-13,48.0276,99.93055555555556
2008-01-12,47.8568,100.0
2007-01-17,47.46146666666667,100.0
2008-01-26,47.24980000000001,100.0
2007-02-10,47.15546666666668,100.0
2007-11-27,46.68353333333334,100.0
2008-04-12,46.66689999999999,100.0
2006-12-30,46.48836666666667,99.86111111111111
2007-04-01,46.43253333333334,100.0
2007-12-16,46.036966666666665,100.0
2008-01-01,45.99563333333334,100.0
2007-01-01,45.81673333333333,100.0
2006-12-25,45.71866666666666,100.0
2007-12-15,45.6146,100.0
2007-01-05,45.22273333333333,100.0
2008-11-25,45.04750000000001,100.0
2007-12-25,44.91613333333333,100.0
2008-01-15,44.781866666666666,100.0
2008-01-29,44.6004,100.0
2007-03-05,44.33886666666667,100.0
2008-04-08,44.291933333333326,100.0
2007-12-18,43.7199,100.0
2007-11-10,43.52666666666667,100.0
2007-12-22,43.52106666666667,100.0
2007-11-17,43.50156666666667,100.0
2007-12-26,43.004666666666665,100.0
2008-11-09,42.97563333333333,100.0
2007-12-30,42.6486,100.0
2006-12-24,42.50019999999999,100.0
2007-12-27,42.2033,100.0
2008-12-06,42.06393333333334,100.0
2007-11-23,42.04363333333333,100.0
2008-03-06,41.72013333333334,100.0
2007-02-14,41.644533333333335,100.0
2007-12-06,41.46556666666666,100.0
2007-03-10,41.41186666666667,100.0
2008-02-05,41.2076,100.0
2008-03-29,41.18583333333333,100.0
2008-12-07,41.11233333333334,100.0
2008-11-11,40.932500000000005,100.0
2007-01-07,40.79366666666667,100.0
2008-11-29,40.5778,100.0
2007-12-23,40.1508,100.0
2008-11-30,40.02313333333333,100.0
2008-01-27,39.6961,100.0
2007-03-07,39.58676666666667,100.0
2007-03-18,39.51743333333333,100.0
2008-11-16,39.42386666666666,100.0
2007-01-31,39.39586666666666,100.0
2008-11-27,39.3703,100.0
2008-02-16,39.11580000000001,100.0
2006-12-22,39.0223,100.0
2007-03-28,38.8983,100.0
2007-11-30,38.86213333333333,100.0
2007-02-07,38.8003,100.0
2008-03-23,38.76649999999999,100.0
2008-01-22,38.7503,100.0
2007-11-16,38.4959,100.0
2008-01-28,38.46993333333333,100.0
2007-12-11,38.4184,100.0
2007-09-29,38.27536666666666,100.0
2008-01-04,38.19753333333333,100.0
2008-06-15,38.1517,100.0
2007-12-09,37.90973333333333,100.0
2007-12-24,37.6308,100.0
2007-01-11,37.58656666666666,100.0
2008-02-20,37.56316666666667,100.0
2008-04-19,37.56183333333333,100.0
2008-03-08,37.47766666666666,100.0
2007-01-08,37.356,100.0
2008-01-25,37.33093333333333,100.0
2008-10-18,37.319833333333335,100.0
2007-04-22,37.228566666666666,100.0
2008-04-13,37.216433333333335,100.0
2006-12-20,37.09579999999999,100.0
2007-12-31,36.942366666666665,100.0
2007-11-13,36.90663333333334,100.0
2007-12-08,36.89006666666667,100.0
2008-03-14,36.837,100.0
2006-12-18,36.73043333333333,100.0
2008-03-11,36.66736666666667,100.0
2007-10-02,36.64773333333333,100.0
2007-12-19,36.60086666666667,100.0
2008-01-18,36.4498,100.0
2007-02-19,36.44356666666666,100.0
2008-11-12,36.44156666666667,99.86111111111111
2008-02-10,36.4119,100.0
2007-11-18,36.39763333333334,100.0
2008-01-05,36.38746666666667,100.0
2007-01-22,36.34156666666666,100.0
2007-11-09,36.1871,100.0
2008-10-15,35.94826666666666,100.0
2007-11-12,35.93576666666667,100.0
2007-01-10,35.913333333333334,100.0
2007-05-27,35.8968,100.0
2007-12-05,35.88533333333333,100.0
2007-03-19,35.8753,100.0
2007-01-15,35.8113,100.0
2007-06-08,35.80076666666666,100.0
2008-03-30,35.7732,100.0
2007-03-21,35.70153333333333,100.0
2008-01-16,35.59753333333333,100.0
2008-10-24,35.55376666666667,100.0
2008-04-01,35.484199999999994,100.0
2008-09-27,35.457433333333334,100.0
2008-02-19,35.44859999999999,100.0
2008-05-08,35.278299999999994,100.0
2008-12-10,35.18366666666667,95.13888888888889
2007-06-03,35.133766666666666,100.0
2007-10-07,35.1019,100.0
2008-02-09,35.03793333333333,100.0
2007-05-06,35.035066666666665,100.0
2008-10-04,35.00826666666667,100.0
2007-11-20,34.93093333333333,100.0
2008-11-10,34.86466666666666,99.58333333333331
2007-03-04,34.845000000000006,100.0
2007-03-20,34.77046666666667,100.0
2007-10-19,34.7608,100.0
2008-02-03,34.7428,100.0
2007-11-06,34.70629999999999,100.0
2007-02-17,34.615199999999994,100.0
2007-02-21,34.547900000000006,100.0
2006-12-28,34.54396666666666,100.0
2007-12-04,34.4606,100.0
2008-03-21,34.4407,100.0
2008-10-21,34.39526666666667,100.0
2007-10-14,34.3542,100.0
2008-12-05,34.310300000000005,100.0
2008-03-22,34.22526666666667,100.0
2007-04-04,34.19780000000001,100.0
2008-05-25,34.141733333333335,100.0
2007-11-14,34.13323333333334,100.0
2007-01-27,34.06786666666667,100.0
2008-01-08,34.05916666666666,100.0
2008-03-05,33.95346666666667,100.0
2007-03-17,33.8015,100.0
2008-01-14,33.748866666666665,100.0
2007-06-16,33.62936666666667,100.0
2008-03-25,33.59760000000001,100.0
2008-02-15,33.42013333333333,100.0
2008-12-09,33.38573333333333,100.0
2008-02-12,33.12996666666667,100.0
2007-02-15,33.089099999999995,100.0
2008-10-09,33.06136666666667,100.0
2007-01-29,33.0444,100.0
2007-12-21,33.04293333333333,100.0
2008-01-19,33.0051,100.0
2007-12-14,32.913466666666665,100.0
2008-03-24,32.91113333333333,99.93055555555556
2008-04-29,32.876933333333334,100.0
