year_month,avg_daily_kwh,total_kwh,days
2006-12,45.11567333333333,676.7351,15
2007-01,37.103151612903225,1150.1977,31
2007-02,33.624336904761904,941.4814333333334,28
2007-03,31.646339784946235,981.0365333333333,31
2007-04,21.44315185185185,578.9651,27
2007-05,23.66068387096774,733.4812,31
2007-06,19.823793333333334,594.7138,30
2007-07,15.969801075268817,495.0638333333333,31
2007-08,18.33143010752688,568.2743333333333,31
2007-09,23.262558888888886,697.8767666666666,30
2007-10,26.492672043010753,821.2728333333333,31
2007-11,31.065913333333334,931.9774,30
2007-12,39.0345,1210.0695,31
2008-01,35.037302150537634,1086.1563666666666,31
2008-02,28.3511908045977,822.1845333333333,29
2008-03,29.887416129032257,926.5099,31
2008-04,26.78332888888889,803.4998666666667,30
2008-05,24.58164516129032,762.031,31
2008-06,23.85776222222222,715.7328666666666,30
2008-07,19.07388064516129,591.2903,31
2008-08,6.635419354838709,205.69799999999998,31
2008-09,23.704328888888888,711.1298666666667,30
2008-10,27.25616129032258,844.941,31
2008-11,33.28264444444444,998.4793333333333,30
2008-12,31.978415384615385,415.7194,13
